task,split,key,family,source_kind,source_label,source_class,native_direction,training_direction,mirrored,boundary_status,native_left_cache,native_left_cache_sha256,annotation_key,source_start_s,source_end_s,real_frames,pad_frames,quantity,quantity_unit,babel_file,babel_sid,seg_id,original_event_label_json,motion_source,task_review_status,sample_manual_verified,cache_sha256,cache,raw_path,source_manifest_sha256
back_walk,train,back_walk_14228_27_100,KIT/8/WalkingStraightBackwards06_poses,existing_back_walk_source_direction_verified_crop,walk backwards,,,,False,,,,back_walk_14228_27_100,1.35,5.0,73,0,0.5243383049964905,m/s,,,,{},/home/psirobot/projects/frankenmotion/outputs_amass/unified_direct_20261008/data/motions/KIT/8/WalkingStraightBackwards06_poses.npy,awaiting_user_review,False,d35cb75c229573edd9d16134b044b647462940f291f8149407ba94412089a997,/mnt/sda2/frankenmotion/outputs_amass/source_repair_back_walk_20261010_v2/cache/train_back_walk_14228_27_100.npz,/mnt/sda2/dataset/amass/KIT/8/WalkingStraightBackwards06_poses.npz,d2ca697d6b19895023b1f0938d0fbedee3f464c35538d6a6fb61859968885327
back_walk,train,back_walk_14181_23_87,KIT/7/WalkingStraightBackwards10_poses,existing_back_walk_source_direction_verified_crop,walk backwards,,,,False,,,,back_walk_14181_23_87,1.15,4.35,64,0,0.6260464787483215,m/s,,,,{},/home/psirobot/projects/frankenmotion/outputs_amass/unified_direct_20261008/data/motions/KIT/7/WalkingStraightBackwards10_poses.npy,awaiting_user_review,False,8ad90d0d77e7513f5a4a699c8af283c9fb6701c37c46bcbcad670f33ed9c9bc4,/mnt/sda2/frankenmotion/outputs_amass/source_repair_back_walk_20261010_v2/cache/train_back_walk_14181_23_87.npz,/mnt/sda2/dataset/amass/KIT/7/WalkingStraightBackwards10_poses.npz,d2ca697d6b19895023b1f0938d0fbedee3f464c35538d6a6fb61859968885327
back_walk,train,back_walk_15512_34_84,MPI_HDM05/tr/HDM_tr_06-01_01_120_poses,existing_back_walk_source_direction_verified_crop,walk backwards,,,,False,,,,back_walk_15512_34_84,1.7,4.2,50,0,0.6018396019935608,m/s,,,,{},/home/psirobot/projects/frankenmotion/outputs_amass/unified_direct_20261008/data/motions/MPI_HDM05/tr/HDM_tr_06-01_01_120_poses.npy,awaiting_user_review,False,0656f9eafa0f75d72f5c2d8f2d768eef609c3463f701db68f017338012fc65f0,/mnt/sda2/frankenmotion/outputs_amass/source_repair_back_walk_20261010_v2/cache/train_back_walk_15512_34_84.npz,/mnt/sda2/dataset/amass/MPI_HDM05/tr/HDM_tr_06-01_01_120_poses.npz,d2ca697d6b19895023b1f0938d0fbedee3f464c35538d6a6fb61859968885327
back_walk,train,back_walk_08119_12_77,EKUT/125/WSDB4_poses,existing_back_walk_source_direction_verified_crop,walk backwards,,,,False,,,,back_walk_08119_12_77,0.6,3.85,65,0,0.341297447681427,m/s,,,,{},/home/psirobot/projects/frankenmotion/outputs_amass/unified_direct_20261008/data/motions/EKUT/125/WSDB4_poses.npy,awaiting_user_review,False,9b671d33df64ebbefe3fd80bd63f2d8f02673046459427a515f2af6c479fa493,/mnt/sda2/frankenmotion/outputs_amass/source_repair_back_walk_20261010_v2/cache/train_back_walk_08119_12_77.npz,/mnt/sda2/dataset/amass/EKUT/125/WSDB4_poses.npz,d2ca697d6b19895023b1f0938d0fbedee3f464c35538d6a6fb61859968885327
back_walk,train,back_walk_08119_77_142,EKUT/125/WSDB4_poses,existing_back_walk_source_direction_verified_crop,walk backwards,,,,False,,,,back_walk_08119_77_142,3.85,7.1,65,0,0.5953706502914429,m/s,,,,{},/home/psirobot/projects/frankenmotion/outputs_amass/unified_direct_20261008/data/motions/EKUT/125/WSDB4_poses.npy,awaiting_user_review,False,2b13a9cc6eb061e1f541b7fe1ea2f9b182d084241213a1db0e5f6571698bbfd3,/mnt/sda2/frankenmotion/outputs_amass/source_repair_back_walk_20261010_v2/cache/train_back_walk_08119_77_142.npz,/mnt/sda2/dataset/amass/EKUT/125/WSDB4_poses.npz,d2ca697d6b19895023b1f0938d0fbedee3f464c35538d6a6fb61859968885327
back_walk,train,back_walk_13736_24_88,KIT/6/WalkingStraightBackwards10_poses,existing_back_walk_source_direction_verified_crop,walk backwards,,,,False,,,,back_walk_13736_24_88,1.2,4.4,64,0,0.5678741931915283,m/s,,,,{},/home/psirobot/projects/frankenmotion/outputs_amass/unified_direct_20261008/data/motions/KIT/6/WalkingStraightBackwards10_poses.npy,awaiting_user_review,False,3660a0443425f17d9182f441e19085f002087f20f4b77ceebea5689b5f929b8d,/mnt/sda2/frankenmotion/outputs_amass/source_repair_back_walk_20261010_v2/cache/train_back_walk_13736_24_88.npz,/mnt/sda2/dataset/amass/KIT/6/WalkingStraightBackwards10_poses.npz,d2ca697d6b19895023b1f0938d0fbedee3f464c35538d6a6fb61859968885327
back_walk,train,back_walk_14232_22_99,KIT/8/WalkingStraightBackwards10_1_poses,existing_back_walk_source_direction_verified_crop,walk backwards,,,,False,,,,back_walk_14232_22_99,1.1,4.95,77,0,0.49623817205429077,m/s,,,,{},/home/psirobot/projects/frankenmotion/outputs_amass/unified_direct_20261008/data/motions/KIT/8/WalkingStraightBackwards10_1_poses.npy,awaiting_user_review,False,e3e46e618025cacfaeb8d01906d59cbe4b861fe6035724906d3a7b0580e48f32,/mnt/sda2/frankenmotion/outputs_amass/source_repair_back_walk_20261010_v2/cache/train_back_walk_14232_22_99.npz,/mnt/sda2/dataset/amass/KIT/8/WalkingStraightBackwards10_1_poses.npz,d2ca697d6b19895023b1f0938d0fbedee3f464c35538d6a6fb61859968885327
back_walk,train,back_walk_15078_17_60,MPI_HDM05/dg/HDM_dg_03-02_02_120_poses,existing_back_walk_source_direction_verified_crop,walk backwards,,,,False,,,,back_walk_15078_17_60,0.85,3.0,43,0,0.5005810856819153,m/s,,,,{},/home/psirobot/projects/frankenmotion/outputs_amass/unified_direct_20261008/data/motions/MPI_HDM05/dg/HDM_dg_03-02_02_120_poses.npy,awaiting_user_review,False,f78a990fa7cbe4cc1759d90dca6ebf27061a086eccb5a90b3af595e7aff86b14,/mnt/sda2/frankenmotion/outputs_amass/source_repair_back_walk_20261010_v2/cache/train_back_walk_15078_17_60.npz,/mnt/sda2/dataset/amass/MPI_HDM05/dg/HDM_dg_03-02_02_120_poses.npz,d2ca697d6b19895023b1f0938d0fbedee3f464c35538d6a6fb61859968885327
back_walk,train,back_walk_00074_72_136,ACCAD/Female1Walking_c3d/B6 - walk backwards to stand_poses,existing_back_walk_source_direction_verified_crop,walk backwards,,,,False,,,,back_walk_00074_72_136,3.6,6.8,64,0,0.4936342239379883,m/s,,,,{},/home/psirobot/projects/frankenmotion/outputs_amass/unified_direct_20261008/data/motions/ACCAD/Female1Walking_c3d/B6 - walk backwards to stand_poses.npy,awaiting_user_review,False,cb5a7a257d730bff696c6ec54616043e78ce786aa4df1b64d997344a40cc0127,/mnt/sda2/frankenmotion/outputs_amass/source_repair_back_walk_20261010_v2/cache/train_back_walk_00074_72_136.npz,/mnt/sda2/dataset/amass/ACCAD/Female1Walking_c3d/B6 - walk backwards to stand_poses.npz,d2ca697d6b19895023b1f0938d0fbedee3f464c35538d6a6fb61859968885327
back_walk,train,back_walk_10208_27_97,KIT/12/WalkingStraightBackwards09_poses,existing_back_walk_source_direction_verified_crop,walk backwards,,,,False,,,,back_walk_10208_27_97,1.35,4.85,70,0,0.6657014489173889,m/s,,,,{},/home/psirobot/projects/frankenmotion/outputs_amass/unified_direct_20261008/data/motions/KIT/12/WalkingStraightBackwards09_poses.npy,awaiting_user_review,False,88b18b25d28e4b0ef540e0b6f07873df34361aae978287e8eace879cc7facebf,/mnt/sda2/frankenmotion/outputs_amass/source_repair_back_walk_20261010_v2/cache/train_back_walk_10208_27_97.npz,/mnt/sda2/dataset/amass/KIT/12/WalkingStraightBackwards09_poses.npz,d2ca697d6b19895023b1f0938d0fbedee3f464c35538d6a6fb61859968885327
back_walk,train,back_walk_14177_27_96,KIT/7/WalkingStraightBackwards06_poses,existing_back_walk_source_direction_verified_crop,walk backwards,,,,False,,,,back_walk_14177_27_96,1.35,4.8,69,0,0.5151769518852234,m/s,,,,{},/home/psirobot/projects/frankenmotion/outputs_amass/unified_direct_20261008/data/motions/KIT/7/WalkingStraightBackwards06_poses.npy,awaiting_user_review,False,15f3e77a2e305300a0384e8de1e56a01eee800c75c7cdf89cf9ac2b52ee5aa4a,/mnt/sda2/frankenmotion/outputs_amass/source_repair_back_walk_20261010_v2/cache/train_back_walk_14177_27_96.npz,/mnt/sda2/dataset/amass/KIT/7/WalkingStraightBackwards06_poses.npz,d2ca697d6b19895023b1f0938d0fbedee3f464c35538d6a6fb61859968885327
back_walk,train,back_walk_08133_68_146,EKUT/125/WSUB5_poses,existing_back_walk_source_direction_verified_crop,walk backwards,,,,False,,,,back_walk_08133_68_146,3.4,7.3,78,0,0.4858269989490509,m/s,,,,{},/home/psirobot/projects/frankenmotion/outputs_amass/unified_direct_20261008/data/motions/EKUT/125/WSUB5_poses.npy,awaiting_user_review,False,8d236ecdfa4ab55adf860cea739b48b5f5a7f7514f19241f3aa3967133de9538,/mnt/sda2/frankenmotion/outputs_amass/source_repair_back_walk_20261010_v2/cache/train_back_walk_08133_68_146.npz,/mnt/sda2/dataset/amass/EKUT/125/WSUB5_poses.npz,d2ca697d6b19895023b1f0938d0fbedee3f464c35538d6a6fb61859968885327
back_walk,train,back_walk_14223_30_105,KIT/8/WalkingStraightBackwards01_poses,existing_back_walk_source_direction_verified_crop,walk backwards,,,,False,,,,back_walk_14223_30_105,1.5,5.25,75,0,0.4550231695175171,m/s,,,,{},/home/psirobot/projects/frankenmotion/outputs_amass/unified_direct_20261008/data/motions/KIT/8/WalkingStraightBackwards01_poses.npy,awaiting_user_review,False,1dfa98dbb29a7537c277ef8ce88e375a857ea5bfe977fbc293c216d32c83e882,/mnt/sda2/frankenmotion/outputs_amass/source_repair_back_walk_20261010_v2/cache/train_back_walk_14223_30_105.npz,/mnt/sda2/dataset/amass/KIT/8/WalkingStraightBackwards01_poses.npz,d2ca697d6b19895023b1f0938d0fbedee3f464c35538d6a6fb61859968885327
back_walk,train,back_walk_10153_23_93,KIT/11/WalkingStraightBackwards03_1_poses,existing_back_walk_source_direction_verified_crop,walk backwards,,,,False,,,,back_walk_10153_23_93,1.15,4.65,70,0,0.5294379591941833,m/s,,,,{},/home/psirobot/projects/frankenmotion/outputs_amass/unified_direct_20261008/data/motions/KIT/11/WalkingStraightBackwards03_1_poses.npy,awaiting_user_review,False,729700ecfb6bab1233c774b7fddfe35f91d094ea1ef37d929960ecfd0322928b,/mnt/sda2/frankenmotion/outputs_amass/source_repair_back_walk_20261010_v2/cache/train_back_walk_10153_23_93.npz,/mnt/sda2/dataset/amass/KIT/11/WalkingStraightBackwards03_1_poses.npz,d2ca697d6b19895023b1f0938d0fbedee3f464c35538d6a6fb61859968885327
back_walk,train,back_walk_09850_323_378,Eyes_Japan_Dataset/takiguchi/accident-13-damage back-takiguchi_poses,existing_back_walk_source_direction_verified_crop,walk backwards,,,,False,,,,back_walk_09850_323_378,16.15,18.9,55,0,0.5463109016418457,m/s,,,,{},/home/psirobot/projects/frankenmotion/outputs_amass/unified_direct_20261008/data/motions/Eyes_Japan_Dataset/takiguchi/accident-13-damage back-takiguchi_poses.npy,awaiting_user_review,False,b4ac925c80c764d4e6a1dbca1eb5b65f66e718f161c3c666e3172516c863c09b,/mnt/sda2/frankenmotion/outputs_amass/source_repair_back_walk_20261010_v2/cache/train_back_walk_09850_323_378.npz,/mnt/sda2/dataset/amass/Eyes_Japan_Dataset/takiguchi/accident-13-damage back-takiguchi_poses.npz,d2ca697d6b19895023b1f0938d0fbedee3f464c35538d6a6fb61859968885327
back_walk,train,back_walk_14178_32_100,KIT/7/WalkingStraightBackwards07_poses,existing_back_walk_source_direction_verified_crop,walk backwards,,,,False,,,,back_walk_14178_32_100,1.6,5.0,68,0,0.5549650192260742,m/s,,,,{},/home/psirobot/projects/frankenmotion/outputs_amass/unified_direct_20261008/data/motions/KIT/7/WalkingStraightBackwards07_poses.npy,awaiting_user_review,False,380590c9abca5c8cede3bd2f484d4268ca820b54a4ff00894bd67f7b5333658a,/mnt/sda2/frankenmotion/outputs_amass/source_repair_back_walk_20261010_v2/cache/train_back_walk_14178_32_100.npz,/mnt/sda2/dataset/amass/KIT/7/WalkingStraightBackwards07_poses.npz,d2ca697d6b19895023b1f0938d0fbedee3f464c35538d6a6fb61859968885327
back_walk,train,back_walk_13237_73_116,KIT/551/mixing_bowl_big03_poses,existing_back_walk_source_direction_verified_crop,walk backwards,,,,False,,,,back_walk_13237_73_116,3.65,5.8,43,0,0.35024869441986084,m/s,,,,{},/home/psirobot/projects/frankenmotion/outputs_amass/unified_direct_20261008/data/motions/KIT/551/mixing_bowl_big03_poses.npy,awaiting_user_review,False,afe2efa6ff7d77323b301af03e3898b4066541ef6f508d5e5c2a02ab95a3d5a9,/mnt/sda2/frankenmotion/outputs_amass/source_repair_back_walk_20261010_v2/cache/train_back_walk_13237_73_116.npz,/mnt/sda2/dataset/amass/KIT/551/mixing_bowl_big03_poses.npz,d2ca697d6b19895023b1f0938d0fbedee3f464c35538d6a6fb61859968885327
back_walk,train,back_walk_10205_37_103,KIT/12/WalkingStraightBackwards06_poses,existing_back_walk_source_direction_verified_crop,walk backwards,,,,False,,,,back_walk_10205_37_103,1.85,5.15,66,0,0.6751285791397095,m/s,,,,{},/home/psirobot/projects/frankenmotion/outputs_amass/unified_direct_20261008/data/motions/KIT/12/WalkingStraightBackwards06_poses.npy,awaiting_user_review,False,c45f90eb124e317a8ed9754191292648514f92f8bde7fe53230229a3a9f60b3a,/mnt/sda2/frankenmotion/outputs_amass/source_repair_back_walk_20261010_v2/cache/train_back_walk_10205_37_103.npz,/mnt/sda2/dataset/amass/KIT/12/WalkingStraightBackwards06_poses.npz,d2ca697d6b19895023b1f0938d0fbedee3f464c35538d6a6fb61859968885327
back_walk,train,back_walk_12711_25_101,KIT/424/seesaw_backwards09_poses,existing_back_walk_source_direction_verified_crop,walk backwards,,,,False,,,,back_walk_12711_25_101,1.25,5.05,76,0,0.27939262986183167,m/s,,,,{},/home/psirobot/projects/frankenmotion/outputs_amass/unified_direct_20261008/data/motions/KIT/424/seesaw_backwards09_poses.npy,awaiting_user_review,False,5fee8e742058111f514c3ffcb7b8ae990efc68156a5c8178858c57f1b528f111,/mnt/sda2/frankenmotion/outputs_amass/source_repair_back_walk_20261010_v2/cache/train_back_walk_12711_25_101.npz,/mnt/sda2/dataset/amass/KIT/424/seesaw_backwards09_poses.npz,d2ca697d6b19895023b1f0938d0fbedee3f464c35538d6a6fb61859968885327
back_walk,train,back_walk_12711_101_178,KIT/424/seesaw_backwards09_poses,existing_back_walk_source_direction_verified_crop,walk backwards,,,,False,,,,back_walk_12711_101_178,5.05,8.9,77,0,0.3469257056713104,m/s,,,,{},/home/psirobot/projects/frankenmotion/outputs_amass/unified_direct_20261008/data/motions/KIT/424/seesaw_backwards09_poses.npy,awaiting_user_review,False,f094bd75b675e59ffea43ab7a017b01daaa3e951a6973ab745368bce4e490548,/mnt/sda2/frankenmotion/outputs_amass/source_repair_back_walk_20261010_v2/cache/train_back_walk_12711_101_178.npz,/mnt/sda2/dataset/amass/KIT/424/seesaw_backwards09_poses.npz,d2ca697d6b19895023b1f0938d0fbedee3f464c35538d6a6fb61859968885327
back_walk,train,back_walk_12706_26_143,KIT/424/seesaw_backwards04_poses,existing_back_walk_source_direction_verified_crop,walk backwards,,,,False,,,,back_walk_12706_26_143,1.3,7.15,117,0,0.27243906259536743,m/s,,,,{},/home/psirobot/projects/frankenmotion/outputs_amass/unified_direct_20261008/data/motions/KIT/424/seesaw_backwards04_poses.npy,awaiting_user_review,False,d5e89cdcbab8067c49d6350d0ac9d1d48c48b54d9afb3092207e7582e0bcc632,/mnt/sda2/frankenmotion/outputs_amass/source_repair_back_walk_20261010_v2/cache/train_back_walk_12706_26_143.npz,/mnt/sda2/dataset/amass/KIT/424/seesaw_backwards04_poses.npz,d2ca697d6b19895023b1f0938d0fbedee3f464c35538d6a6fb61859968885327
back_walk,train,back_walk_12524_20_93,KIT/4/WalkingStraightBackwards05_poses,existing_back_walk_source_direction_verified_crop,walk backwards,,,,False,,,,back_walk_12524_20_93,1.0,4.65,73,0,0.5185384750366211,m/s,,,,{},/home/psirobot/projects/frankenmotion/outputs_amass/unified_direct_20261008/data/motions/KIT/4/WalkingStraightBackwards05_poses.npy,awaiting_user_review,False,154268f52a8dfa9b74d58c5ae88b5d4355da4d56558ed0d3350eae6ce9baad7d,/mnt/sda2/frankenmotion/outputs_amass/source_repair_back_walk_20261010_v2/cache/train_back_walk_12524_20_93.npz,/mnt/sda2/dataset/amass/KIT/4/WalkingStraightBackwards05_poses.npz,d2ca697d6b19895023b1f0938d0fbedee3f464c35538d6a6fb61859968885327
back_walk,train,back_walk_14172_25_91,KIT/7/WalkingStraightBackwards01_poses,existing_back_walk_source_direction_verified_crop,walk backwards,,,,False,,,,back_walk_14172_25_91,1.25,4.55,66,0,0.5542048215866089,m/s,,,,{},/home/psirobot/projects/frankenmotion/outputs_amass/unified_direct_20261008/data/motions/KIT/7/WalkingStraightBackwards01_poses.npy,awaiting_user_review,False,d47ae38c7cc8f0aef57c4ff765f4565045beb4dd0d03764d920d09c1a30c796c,/mnt/sda2/frankenmotion/outputs_amass/source_repair_back_walk_20261010_v2/cache/train_back_walk_14172_25_91.npz,/mnt/sda2/dataset/amass/KIT/7/WalkingStraightBackwards01_poses.npz,d2ca697d6b19895023b1f0938d0fbedee3f464c35538d6a6fb61859968885327
back_walk,train,back_walk_16040_89_152,Transitions_mocap/mazen_c3d/jumpingjacks_walk_poses,existing_back_walk_source_direction_verified_crop,walk backwards,,,,False,,,,back_walk_16040_89_152,4.45,7.6,63,0,0.7208158373832703,m/s,,,,{},/home/psirobot/projects/frankenmotion/outputs_amass/unified_direct_20261008/data/motions/Transitions_mocap/mazen_c3d/jumpingjacks_walk_poses.npy,awaiting_user_review,False,464d894fb1d850979f01dfd6fc9b9dd7bf09d510aba975f521153f3a484f95cf,/mnt/sda2/frankenmotion/outputs_amass/source_repair_back_walk_20261010_v2/cache/train_back_walk_16040_89_152.npz,/mnt/sda2/dataset/amass/mazen_c3d/jumpingjacks_walk_poses.npz,d2ca697d6b19895023b1f0938d0fbedee3f464c35538d6a6fb61859968885327
back_walk,train,back_walk_14226_4_81,KIT/8/WalkingStraightBackwards04_poses,existing_back_walk_source_direction_verified_crop,walk backwards,,,,False,,,,back_walk_14226_4_81,0.2,4.05,77,0,0.4483845829963684,m/s,,,,{},/home/psirobot/projects/frankenmotion/outputs_amass/unified_direct_20261008/data/motions/KIT/8/WalkingStraightBackwards04_poses.npy,awaiting_user_review,False,ab79efbb889920c75f418f2c006327978af4a5f87cd48ef86b0aee2c106bf809,/mnt/sda2/frankenmotion/outputs_amass/source_repair_back_walk_20261010_v2/cache/train_back_walk_14226_4_81.npz,/mnt/sda2/dataset/amass/KIT/8/WalkingStraightBackwards04_poses.npz,d2ca697d6b19895023b1f0938d0fbedee3f464c35538d6a6fb61859968885327
back_walk,train,back_walk_13241_90_135,KIT/551/mixing_bowl_big_and_sponge_big01_poses,existing_back_walk_source_direction_verified_crop,walk backwards,,,,False,,,,back_walk_13241_90_135,4.5,6.75,45,0,0.37142425775527954,m/s,,,,{},/home/psirobot/projects/frankenmotion/outputs_amass/unified_direct_20261008/data/motions/KIT/551/mixing_bowl_big_and_sponge_big01_poses.npy,awaiting_user_review,False,770e80023c623a768adab4e2377951ef3e0abb47806a133070851b4549fb3980,/mnt/sda2/frankenmotion/outputs_amass/source_repair_back_walk_20261010_v2/cache/train_back_walk_13241_90_135.npz,/mnt/sda2/dataset/amass/KIT/551/mixing_bowl_big_and_sponge_big01_poses.npz,d2ca697d6b19895023b1f0938d0fbedee3f464c35538d6a6fb61859968885327
back_walk,train,back_walk_10108_9_84,KIT/10/WalkingStraightBackwards07_poses,existing_back_walk_source_direction_verified_crop,walk backwards,,,,False,,,,back_walk_10108_9_84,0.45,4.2,75,0,0.5370455980300903,m/s,,,,{},/home/psirobot/projects/frankenmotion/outputs_amass/unified_direct_20261008/data/motions/KIT/10/WalkingStraightBackwards07_poses.npy,awaiting_user_review,False,bea4c8c5434c097595f64619fbe6e693cd34434c664ecac8754d85afff24e49c,/mnt/sda2/frankenmotion/outputs_amass/source_repair_back_walk_20261010_v2/cache/train_back_walk_10108_9_84.npz,/mnt/sda2/dataset/amass/KIT/10/WalkingStraightBackwards07_poses.npz,d2ca697d6b19895023b1f0938d0fbedee3f464c35538d6a6fb61859968885327
back_walk,train,back_walk_13728_25_85,KIT/6/WalkingStraightBackwards02_poses,existing_back_walk_source_direction_verified_crop,walk backwards,,,,False,,,,back_walk_13728_25_85,1.25,4.25,60,0,0.5258832573890686,m/s,,,,{},/home/psirobot/projects/frankenmotion/outputs_amass/unified_direct_20261008/data/motions/KIT/6/WalkingStraightBackwards02_poses.npy,awaiting_user_review,False,957e26145db109043f7e3ffcaaedc6722af95cac195439c9a7d4d9a0a34d0fd1,/mnt/sda2/frankenmotion/outputs_amass/source_repair_back_walk_20261010_v2/cache/train_back_walk_13728_25_85.npz,/mnt/sda2/dataset/amass/KIT/6/WalkingStraightBackwards02_poses.npz,d2ca697d6b19895023b1f0938d0fbedee3f464c35538d6a6fb61859968885327
back_walk,train,back_walk_14347_22_92,KIT/9/WalkingStraightBackwards07_poses,existing_back_walk_source_direction_verified_crop,walk backwards,,,,False,,,,back_walk_14347_22_92,1.1,4.6,70,0,0.5438467860221863,m/s,,,,{},/home/psirobot/projects/frankenmotion/outputs_amass/unified_direct_20261008/data/motions/KIT/9/WalkingStraightBackwards07_poses.npy,awaiting_user_review,False,1719632a36ed498708b9b5849b3814276447cdd1489c187f7c77bbbb095bd032,/mnt/sda2/frankenmotion/outputs_amass/source_repair_back_walk_20261010_v2/cache/train_back_walk_14347_22_92.npz,/mnt/sda2/dataset/amass/KIT/9/WalkingStraightBackwards07_poses.npz,d2ca697d6b19895023b1f0938d0fbedee3f464c35538d6a6fb61859968885327
back_walk,train,back_walk_13734_21_84,KIT/6/WalkingStraightBackwards08_poses,existing_back_walk_source_direction_verified_crop,walk backwards,,,,False,,,,back_walk_13734_21_84,1.05,4.2,63,0,0.5850164294242859,m/s,,,,{},/home/psirobot/projects/frankenmotion/outputs_amass/unified_direct_20261008/data/motions/KIT/6/WalkingStraightBackwards08_poses.npy,awaiting_user_review,False,a802226257d8e423ea983cf1df8a88ad34e0d503522241bb724a2b1fd87a3de3,/mnt/sda2/frankenmotion/outputs_amass/source_repair_back_walk_20261010_v2/cache/train_back_walk_13734_21_84.npz,/mnt/sda2/dataset/amass/KIT/6/WalkingStraightBackwards08_poses.npz,d2ca697d6b19895023b1f0938d0fbedee3f464c35538d6a6fb61859968885327
back_walk,train,back_walk_05165_69_138,CMU/111/111_01_poses,existing_back_walk_source_direction_verified_crop,walk backwards,,,,False,,,,back_walk_05165_69_138,3.45,6.9,69,0,0.4015660881996155,m/s,,,,{},/home/psirobot/projects/frankenmotion/outputs_amass/unified_direct_20261008/data/motions/CMU/111/111_01_poses.npy,awaiting_user_review,False,f01f4aa46ec350810337645e276b86c1a13ed52283dd3935c9be409711efe7fb,/mnt/sda2/frankenmotion/outputs_amass/source_repair_back_walk_20261010_v2/cache/train_back_walk_05165_69_138.npz,/mnt/sda2/dataset/amass/CMU/111/111_01_poses.npz,d2ca697d6b19895023b1f0938d0fbedee3f464c35538d6a6fb61859968885327
back_walk,train,back_walk_14174_27_93,KIT/7/WalkingStraightBackwards03_poses,existing_back_walk_source_direction_verified_crop,walk backwards,,,,False,,,,back_walk_14174_27_93,1.35,4.65,66,0,0.5556179285049438,m/s,,,,{},/home/psirobot/projects/frankenmotion/outputs_amass/unified_direct_20261008/data/motions/KIT/7/WalkingStraightBackwards03_poses.npy,awaiting_user_review,False,7cbde53ad758287ee4dbf119f44a1ca04aff1beb5f4eccaffd98f1a52f92a3c1,/mnt/sda2/frankenmotion/outputs_amass/source_repair_back_walk_20261010_v2/cache/train_back_walk_14174_27_93.npz,/mnt/sda2/dataset/amass/KIT/7/WalkingStraightBackwards03_poses.npz,d2ca697d6b19895023b1f0938d0fbedee3f464c35538d6a6fb61859968885327
back_walk,train,back_walk_00105_118_218,ACCAD/Male1Walking_c3d/Walk B4 - Stand to Walk Back_poses,existing_back_walk_source_direction_verified_crop,walk backwards,,,,False,,,,back_walk_00105_118_218,5.9,10.9,100,0,0.7677615284919739,m/s,,,,{},/home/psirobot/projects/frankenmotion/outputs_amass/unified_direct_20261008/data/motions/ACCAD/Male1Walking_c3d/Walk B4 - Stand to Walk Back_poses.npy,awaiting_user_review,False,353ed90d88c8993f2c07618422d2a0ff4ccf40e4357038a32e009f5c9d68207f,/mnt/sda2/frankenmotion/outputs_amass/source_repair_back_walk_20261010_v2/cache/train_back_walk_00105_118_218.npz,/mnt/sda2/dataset/amass/ACCAD/Male1Walking_c3d/Walk B4 - Stand to Walk Back_poses.npz,d2ca697d6b19895023b1f0938d0fbedee3f464c35538d6a6fb61859968885327
back_walk,train,back_walk_13247_163_211,KIT/551/mixing_egg_whisk01_poses,existing_back_walk_source_direction_verified_crop,walk backwards,,,,False,,,,back_walk_13247_163_211,8.15,10.55,48,0,0.31492528319358826,m/s,,,,{},/home/psirobot/projects/frankenmotion/outputs_amass/unified_direct_20261008/data/motions/KIT/551/mixing_egg_whisk01_poses.npy,awaiting_user_review,False,f2e06422772ba0ab31baf8031a6b6fab309a88af374b905349de0dd91281a7e4,/mnt/sda2/frankenmotion/outputs_amass/source_repair_back_walk_20261010_v2/cache/train_back_walk_13247_163_211.npz,/mnt/sda2/dataset/amass/KIT/551/mixing_egg_whisk01_poses.npz,d2ca697d6b19895023b1f0938d0fbedee3f464c35538d6a6fb61859968885327
back_walk,train,back_walk_05206_7_124,CMU/113/113_01_poses,existing_back_walk_source_direction_verified_crop,walk backwards,,,,False,,,,back_walk_05206_7_124,0.35,6.2,117,0,0.5728232264518738,m/s,,,,{},/home/psirobot/projects/frankenmotion/outputs_amass/unified_direct_20261008/data/motions/CMU/113/113_01_poses.npy,awaiting_user_review,False,70e1fd5041bc8504a5902d13832c392e3e195eb94cdbd4ac8bf4f87aa71c3982,/mnt/sda2/frankenmotion/outputs_amass/source_repair_back_walk_20261010_v2/cache/train_back_walk_05206_7_124.npz,/mnt/sda2/dataset/amass/CMU/113/113_01_poses.npz,d2ca697d6b19895023b1f0938d0fbedee3f464c35538d6a6fb61859968885327
back_walk,train,back_walk_06816_556_610,CMU/41/41_02_poses,existing_back_walk_source_direction_verified_crop,walk backwards,,,,False,,,,back_walk_06816_556_610,27.8,30.5,54,0,0.4126613438129425,m/s,,,,{},/home/psirobot/projects/frankenmotion/outputs_amass/unified_direct_20261008/data/motions/CMU/41/41_02_poses.npy,awaiting_user_review,False,1c70e33feaafa332212fc34cce5398345897d466efe674c9bebde2ad476b856f,/mnt/sda2/frankenmotion/outputs_amass/source_repair_back_walk_20261010_v2/cache/train_back_walk_06816_556_610.npz,/mnt/sda2/dataset/amass/CMU/41/41_02_poses.npz,d2ca697d6b19895023b1f0938d0fbedee3f464c35538d6a6fb61859968885327
back_walk,train,back_walk_12703_24_107,KIT/424/seesaw_backwards01_poses,existing_back_walk_source_direction_verified_crop,walk backwards,,,,False,,,,back_walk_12703_24_107,1.2,5.35,83,0,0.37745171785354614,m/s,,,,{},/home/psirobot/projects/frankenmotion/outputs_amass/unified_direct_20261008/data/motions/KIT/424/seesaw_backwards01_poses.npy,awaiting_user_review,False,7ae074d34ad3d66e7f5408c07837980bb92b2d8c1e5ab8abd238f4fa6224fe43,/mnt/sda2/frankenmotion/outputs_amass/source_repair_back_walk_20261010_v2/cache/train_back_walk_12703_24_107.npz,/mnt/sda2/dataset/amass/KIT/424/seesaw_backwards01_poses.npz,d2ca697d6b19895023b1f0938d0fbedee3f464c35538d6a6fb61859968885327
back_walk,train,back_walk_08936_96_161,Eyes_Japan_Dataset/hamada/walk-07-moonwalk-hamada_poses,existing_back_walk_source_direction_verified_crop,walk backwards,,,,False,,,,back_walk_08936_96_161,4.8,8.05,65,0,0.34782418608665466,m/s,,,,{},/home/psirobot/projects/frankenmotion/outputs_amass/unified_direct_20261008/data/motions/Eyes_Japan_Dataset/hamada/walk-07-moonwalk-hamada_poses.npy,awaiting_user_review,False,c24646f2f9f00ad251a07e5b185c37032cf37b727c2be24d5996dc81ac2d8e64,/mnt/sda2/frankenmotion/outputs_amass/source_repair_back_walk_20261010_v2/cache/train_back_walk_08936_96_161.npz,/mnt/sda2/dataset/amass/Eyes_Japan_Dataset/hamada/walk-07-moonwalk-hamada_poses.npz,d2ca697d6b19895023b1f0938d0fbedee3f464c35538d6a6fb61859968885327
back_walk,train,back_walk_08936_161_227,Eyes_Japan_Dataset/hamada/walk-07-moonwalk-hamada_poses,existing_back_walk_source_direction_verified_crop,walk backwards,,,,False,,,,back_walk_08936_161_227,8.05,11.35,66,0,0.48121732473373413,m/s,,,,{},/home/psirobot/projects/frankenmotion/outputs_amass/unified_direct_20261008/data/motions/Eyes_Japan_Dataset/hamada/walk-07-moonwalk-hamada_poses.npy,awaiting_user_review,False,2949019fe8551fde63e964ae0842cc7a9b2f2fb3b3f92c1ee0e7f4241c5ff451,/mnt/sda2/frankenmotion/outputs_amass/source_repair_back_walk_20261010_v2/cache/train_back_walk_08936_161_227.npz,/mnt/sda2/dataset/amass/Eyes_Japan_Dataset/hamada/walk-07-moonwalk-hamada_poses.npz,d2ca697d6b19895023b1f0938d0fbedee3f464c35538d6a6fb61859968885327
back_walk,train,back_walk_10000_323_369,Eyes_Japan_Dataset/yamaoka/tennis-17-receive-yamaoka_poses,existing_back_walk_source_direction_verified_crop,walk backwards,,,,False,,,,back_walk_10000_323_369,16.15,18.45,46,0,0.5464167594909668,m/s,,,,{},/home/psirobot/projects/frankenmotion/outputs_amass/unified_direct_20261008/data/motions/Eyes_Japan_Dataset/yamaoka/tennis-17-receive-yamaoka_poses.npy,awaiting_user_review,False,c853052dc75656623732945e66b6fb3013ad270372ab4b52a31a917f84e907d3,/mnt/sda2/frankenmotion/outputs_amass/source_repair_back_walk_20261010_v2/cache/train_back_walk_10000_323_369.npz,/mnt/sda2/dataset/amass/Eyes_Japan_Dataset/yamaoka/tennis-17-receive-yamaoka_poses.npz,d2ca697d6b19895023b1f0938d0fbedee3f464c35538d6a6fb61859968885327
back_walk,train,back_walk_13263_96_137,KIT/551/sponge_big_and_mixing_bowl_big05_poses,existing_back_walk_source_direction_verified_crop,walk backwards,,,,False,,,,back_walk_13263_96_137,4.8,6.85,41,0,0.34241628646850586,m/s,,,,{},/home/psirobot/projects/frankenmotion/outputs_amass/unified_direct_20261008/data/motions/KIT/551/sponge_big_and_mixing_bowl_big05_poses.npy,awaiting_user_review,False,2d1926eebc5c54eb187c46495396279e270a7fc7cfbd80fca787d62ac0c02540,/mnt/sda2/frankenmotion/outputs_amass/source_repair_back_walk_20261010_v2/cache/train_back_walk_13263_96_137.npz,/mnt/sda2/dataset/amass/KIT/551/sponge_big_and_mixing_bowl_big05_poses.npz,d2ca697d6b19895023b1f0938d0fbedee3f464c35538d6a6fb61859968885327
back_walk,train,back_walk_10111_9_79,KIT/10/WalkingStraightBackwards10_poses,existing_back_walk_source_direction_verified_crop,walk backwards,,,,False,,,,back_walk_10111_9_79,0.45,3.95,70,0,0.5732187628746033,m/s,,,,{},/home/psirobot/projects/frankenmotion/outputs_amass/unified_direct_20261008/data/motions/KIT/10/WalkingStraightBackwards10_poses.npy,awaiting_user_review,False,81fc4da4b3c3ed5c5d44699ada652215c723ff886e2c1841abdc8766c6cd9a5f,/mnt/sda2/frankenmotion/outputs_amass/source_repair_back_walk_20261010_v2/cache/train_back_walk_10111_9_79.npz,/mnt/sda2/dataset/amass/KIT/10/WalkingStraightBackwards10_poses.npz,d2ca697d6b19895023b1f0938d0fbedee3f464c35538d6a6fb61859968885327
back_walk,train,back_walk_16069_10_56,Transitions_mocap/mazen_c3d/run_stand_poses,existing_back_walk_source_direction_verified_crop,walk backwards,,,,False,,,,back_walk_16069_10_56,0.5,2.8,46,0,0.9130826592445374,m/s,,,,{},/home/psirobot/projects/frankenmotion/outputs_amass/unified_direct_20261008/data/motions/Transitions_mocap/mazen_c3d/run_stand_poses.npy,awaiting_user_review,False,647e1c46c1c0daee71fe26a8bcb626846f530246a0c62e311e54445293b1dd46,/mnt/sda2/frankenmotion/outputs_amass/source_repair_back_walk_20261010_v2/cache/train_back_walk_16069_10_56.npz,/mnt/sda2/dataset/amass/mazen_c3d/run_stand_poses.npz,d2ca697d6b19895023b1f0938d0fbedee3f464c35538d6a6fb61859968885327
back_walk,train,back_walk_16069_113_156,Transitions_mocap/mazen_c3d/run_stand_poses,existing_back_walk_source_direction_verified_crop,walk backwards,,,,False,,,,back_walk_16069_113_156,5.65,7.8,43,0,0.8826253414154053,m/s,,,,{},/home/psirobot/projects/frankenmotion/outputs_amass/unified_direct_20261008/data/motions/Transitions_mocap/mazen_c3d/run_stand_poses.npy,awaiting_user_review,False,42e2baa89877ec00dd524c5cd0c3640fcb17e84b3e0705fd99adaae7ad4f5001,/mnt/sda2/frankenmotion/outputs_amass/source_repair_back_walk_20261010_v2/cache/train_back_walk_16069_113_156.npz,/mnt/sda2/dataset/amass/mazen_c3d/run_stand_poses.npz,d2ca697d6b19895023b1f0938d0fbedee3f464c35538d6a6fb61859968885327
back_walk,train,back_walk_11671_16_99,KIT/3/seesaw_backwards05_poses,existing_back_walk_source_direction_verified_crop,walk backwards,,,,False,,,,back_walk_11671_16_99,0.8,4.95,83,0,0.3639453649520874,m/s,,,,{},/home/psirobot/projects/frankenmotion/outputs_amass/unified_direct_20261008/data/motions/KIT/3/seesaw_backwards05_poses.npy,awaiting_user_review,False,dacf257f0134a43a51b3ed851c5d01f974c6073be5583dab8262b255baccebe2,/mnt/sda2/frankenmotion/outputs_amass/source_repair_back_walk_20261010_v2/cache/train_back_walk_11671_16_99.npz,/mnt/sda2/dataset/amass/KIT/3/seesaw_backwards05_poses.npz,d2ca697d6b19895023b1f0938d0fbedee3f464c35538d6a6fb61859968885327
back_walk,train,back_walk_13245_208_249,KIT/551/mixing_cooking_spoon01_poses,existing_back_walk_source_direction_verified_crop,walk backwards,,,,False,,,,back_walk_13245_208_249,10.4,12.45,41,0,0.32705143094062805,m/s,,,,{},/home/psirobot/projects/frankenmotion/outputs_amass/unified_direct_20261008/data/motions/KIT/551/mixing_cooking_spoon01_poses.npy,awaiting_user_review,False,9bcd3ec719d672449827273f44923375c3f7fb253ebe07b85b139f6638050fdc,/mnt/sda2/frankenmotion/outputs_amass/source_repair_back_walk_20261010_v2/cache/train_back_walk_13245_208_249.npz,/mnt/sda2/dataset/amass/KIT/551/mixing_cooking_spoon01_poses.npz,d2ca697d6b19895023b1f0938d0fbedee3f464c35538d6a6fb61859968885327
back_walk,train,back_walk_15340_47_89,MPI_HDM05/tr/HDM_tr_01-02_03_120_poses,existing_back_walk_source_direction_verified_crop,walk backwards,,,,False,,,,back_walk_15340_47_89,2.35,4.45,42,0,0.48309314250946045,m/s,,,,{},/home/psirobot/projects/frankenmotion/outputs_amass/unified_direct_20261008/data/motions/MPI_HDM05/tr/HDM_tr_01-02_03_120_poses.npy,awaiting_user_review,False,94754aac256690d5267e9259f638686da689ede04a33470871f583f05bcde6e6,/mnt/sda2/frankenmotion/outputs_amass/source_repair_back_walk_20261010_v2/cache/train_back_walk_15340_47_89.npz,/mnt/sda2/dataset/amass/MPI_HDM05/tr/HDM_tr_01-02_03_120_poses.npz,d2ca697d6b19895023b1f0938d0fbedee3f464c35538d6a6fb61859968885327
back_walk,train,back_walk_16028_129_180,Transitions_mocap/mazen_c3d/dance_walk_poses,existing_back_walk_source_direction_verified_crop,walk backwards,,,,False,,,,back_walk_16028_129_180,6.45,9.0,51,0,0.7907634973526001,m/s,,,,{},/home/psirobot/projects/frankenmotion/outputs_amass/unified_direct_20261008/data/motions/Transitions_mocap/mazen_c3d/dance_walk_poses.npy,awaiting_user_review,False,5b73d5f2478ca7d5972b7baf08501727547a331556a4a9f9621b03aa64bb0554,/mnt/sda2/frankenmotion/outputs_amass/source_repair_back_walk_20261010_v2/cache/train_back_walk_16028_129_180.npz,/mnt/sda2/dataset/amass/mazen_c3d/dance_walk_poses.npz,d2ca697d6b19895023b1f0938d0fbedee3f464c35538d6a6fb61859968885327
back_walk,train,back_walk_10109_31_111,KIT/10/WalkingStraightBackwards08_poses,existing_back_walk_source_direction_verified_crop,walk backwards,,,,False,,,,back_walk_10109_31_111,1.55,5.55,80,0,0.5011502504348755,m/s,,,,{},/home/psirobot/projects/frankenmotion/outputs_amass/unified_direct_20261008/data/motions/KIT/10/WalkingStraightBackwards08_poses.npy,awaiting_user_review,False,1f7b7bb9bae29ad2bc0b3d6ff6d375277f114ecc66218ad484b50d12461a6e39,/mnt/sda2/frankenmotion/outputs_amass/source_repair_back_walk_20261010_v2/cache/train_back_walk_10109_31_111.npz,/mnt/sda2/dataset/amass/KIT/10/WalkingStraightBackwards08_poses.npz,d2ca697d6b19895023b1f0938d0fbedee3f464c35538d6a6fb61859968885327
back_walk,train,back_walk_14820_482_527,MPI_HDM05/bk/HDM_bk_01-02_03_120_poses,existing_back_walk_source_direction_verified_crop,walk backwards,,,,False,,,,back_walk_14820_482_527,24.1,26.35,45,0,0.6896436214447021,m/s,,,,{},/home/psirobot/projects/frankenmotion/outputs_amass/unified_direct_20261008/data/motions/MPI_HDM05/bk/HDM_bk_01-02_03_120_poses.npy,awaiting_user_review,False,ebbf896f558d7624883f8554fc40c68da079b2344e110b098f87a0e37bb17c15,/mnt/sda2/frankenmotion/outputs_amass/source_repair_back_walk_20261010_v2/cache/train_back_walk_14820_482_527.npz,/mnt/sda2/dataset/amass/MPI_HDM05/bk/HDM_bk_01-02_03_120_poses.npz,d2ca697d6b19895023b1f0938d0fbedee3f464c35538d6a6fb61859968885327
back_walk,train,back_walk_14921_869_933,MPI_HDM05/bk/HDM_bk_03-04_03_120_poses,existing_back_walk_source_direction_verified_crop,walk backwards,,,,False,,,,back_walk_14921_869_933,43.45,46.65,64,0,0.6687472462654114,m/s,,,,{},/home/psirobot/projects/frankenmotion/outputs_amass/unified_direct_20261008/data/motions/MPI_HDM05/bk/HDM_bk_03-04_03_120_poses.npy,awaiting_user_review,False,834a6aaa6ca00e1c5a8a155c21132610afef3dc96f96e4f333bceac574482f59,/mnt/sda2/frankenmotion/outputs_amass/source_repair_back_walk_20261010_v2/cache/train_back_walk_14921_869_933.npz,/mnt/sda2/dataset/amass/MPI_HDM05/bk/HDM_bk_03-04_03_120_poses.npz,d2ca697d6b19895023b1f0938d0fbedee3f464c35538d6a6fb61859968885327
back_walk,train,back_walk_14342_9_74,KIT/9/WalkingStraightBackwards02_poses,existing_back_walk_source_direction_verified_crop,walk backwards,,,,False,,,,back_walk_14342_9_74,0.45,3.7,65,0,0.4204085171222687,m/s,,,,{},/home/psirobot/projects/frankenmotion/outputs_amass/unified_direct_20261008/data/motions/KIT/9/WalkingStraightBackwards02_poses.npy,awaiting_user_review,False,03099edefadd39aee7aeba07e5d50322d81fd1c8608dd9175532012dff5ea176,/mnt/sda2/frankenmotion/outputs_amass/source_repair_back_walk_20261010_v2/cache/train_back_walk_14342_9_74.npz,/mnt/sda2/dataset/amass/KIT/9/WalkingStraightBackwards02_poses.npz,d2ca697d6b19895023b1f0938d0fbedee3f464c35538d6a6fb61859968885327
back_walk,train,back_walk_16062_93_136,Transitions_mocap/mazen_c3d/punchkarate_longjump_poses,existing_back_walk_source_direction_verified_crop,walk backwards,,,,False,,,,back_walk_16062_93_136,4.65,6.8,43,0,0.5972387790679932,m/s,,,,{},/home/psirobot/projects/frankenmotion/outputs_amass/unified_direct_20261008/data/motions/Transitions_mocap/mazen_c3d/punchkarate_longjump_poses.npy,awaiting_user_review,False,e474fe05e1d7535bbb88c415a37f40a2947d46ca0e99669ed0c91aeabbbdcad7,/mnt/sda2/frankenmotion/outputs_amass/source_repair_back_walk_20261010_v2/cache/train_back_walk_16062_93_136.npz,/mnt/sda2/dataset/amass/mazen_c3d/punchkarate_longjump_poses.npz,d2ca697d6b19895023b1f0938d0fbedee3f464c35538d6a6fb61859968885327
back_walk,train,back_walk_05722_15_114,CMU/136/136_08_poses,existing_back_walk_source_direction_verified_crop,walk backwards,,,,False,,,,back_walk_05722_15_114,0.75,5.7,99,0,0.5153906345367432,m/s,,,,{},/home/psirobot/projects/frankenmotion/outputs_amass/unified_direct_20261008/data/motions/CMU/136/136_08_poses.npy,awaiting_user_review,False,ef60f54b8be5a6fca66fd371e9185a743ba64e478fc2e8f847953bf197477465,/mnt/sda2/frankenmotion/outputs_amass/source_repair_back_walk_20261010_v2/cache/train_back_walk_05722_15_114.npz,/mnt/sda2/dataset/amass/CMU/136/136_08_poses.npz,d2ca697d6b19895023b1f0938d0fbedee3f464c35538d6a6fb61859968885327
back_walk,train,back_walk_05722_114_213,CMU/136/136_08_poses,existing_back_walk_source_direction_verified_crop,walk backwards,,,,False,,,,back_walk_05722_114_213,5.7,10.65,99,0,0.6254632472991943,m/s,,,,{},/home/psirobot/projects/frankenmotion/outputs_amass/unified_direct_20261008/data/motions/CMU/136/136_08_poses.npy,awaiting_user_review,False,c8d88846e68e96a85e70fd517d43fa08d9fab0316b93ad49dab2e9d5d45fa394,/mnt/sda2/frankenmotion/outputs_amass/source_repair_back_walk_20261010_v2/cache/train_back_walk_05722_114_213.npz,/mnt/sda2/dataset/amass/CMU/136/136_08_poses.npz,d2ca697d6b19895023b1f0938d0fbedee3f464c35538d6a6fb61859968885327
back_walk,train,back_walk_13264_91_134,KIT/551/sponge_in_bowl01_poses,existing_back_walk_source_direction_verified_crop,walk backwards,,,,False,,,,back_walk_13264_91_134,4.55,6.7,43,0,0.29595237970352173,m/s,,,,{},/home/psirobot/projects/frankenmotion/outputs_amass/unified_direct_20261008/data/motions/KIT/551/sponge_in_bowl01_poses.npy,awaiting_user_review,False,5cca81f156d6cc7d1082ed888c49fe317a909298bc5bd0341ab03d2f927a23ea,/mnt/sda2/frankenmotion/outputs_amass/source_repair_back_walk_20261010_v2/cache/train_back_walk_13264_91_134.npz,/mnt/sda2/dataset/amass/KIT/551/sponge_in_bowl01_poses.npz,d2ca697d6b19895023b1f0938d0fbedee3f464c35538d6a6fb61859968885327
back_walk,train,back_walk_10204_40_111,KIT/12/WalkingStraightBackwards05_poses,existing_back_walk_source_direction_verified_crop,walk backwards,,,,False,,,,back_walk_10204_40_111,2.0,5.55,71,0,0.6406154632568359,m/s,,,,{},/home/psirobot/projects/frankenmotion/outputs_amass/unified_direct_20261008/data/motions/KIT/12/WalkingStraightBackwards05_poses.npy,awaiting_user_review,False,646833364329eb4ae6850222e19306acfc3d1682404c151bafdebf670b51516e,/mnt/sda2/frankenmotion/outputs_amass/source_repair_back_walk_20261010_v2/cache/train_back_walk_10204_40_111.npz,/mnt/sda2/dataset/amass/KIT/12/WalkingStraightBackwards05_poses.npz,d2ca697d6b19895023b1f0938d0fbedee3f464c35538d6a6fb61859968885327
back_walk,train,back_walk_12589_41_84,KIT/421/push_recovery_stand_front04_poses,existing_back_walk_source_direction_verified_crop,walk backwards,,,,False,,,,back_walk_12589_41_84,2.05,4.2,43,0,0.5004163384437561,m/s,,,,{},/home/psirobot/projects/frankenmotion/outputs_amass/unified_direct_20261008/data/motions/KIT/421/push_recovery_stand_front04_poses.npy,awaiting_user_review,False,0cac51eb838b9e0b2c8ee87b466edca427cac5e7c7188e096d1fedcd7442d9a5,/mnt/sda2/frankenmotion/outputs_amass/source_repair_back_walk_20261010_v2/cache/train_back_walk_12589_41_84.npz,/mnt/sda2/dataset/amass/KIT/421/push_recovery_stand_front04_poses.npz,d2ca697d6b19895023b1f0938d0fbedee3f464c35538d6a6fb61859968885327
back_walk,train,back_walk_13261_118_158,KIT/551/sponge_big_and_mixing_bowl_big03_poses,existing_back_walk_source_direction_verified_crop,walk backwards,,,,False,,,,back_walk_13261_118_158,5.9,7.9,40,0,0.38851189613342285,m/s,,,,{},/home/psirobot/projects/frankenmotion/outputs_amass/unified_direct_20261008/data/motions/KIT/551/sponge_big_and_mixing_bowl_big03_poses.npy,awaiting_user_review,False,738ff416780f3ade409d6a8255916ce1c4cbdc7e97e785a1f124da61f37baffd,/mnt/sda2/frankenmotion/outputs_amass/source_repair_back_walk_20261010_v2/cache/train_back_walk_13261_118_158.npz,/mnt/sda2/dataset/amass/KIT/551/sponge_big_and_mixing_bowl_big03_poses.npz,d2ca697d6b19895023b1f0938d0fbedee3f464c35538d6a6fb61859968885327
back_walk,train,back_walk_14179_18_83,KIT/7/WalkingStraightBackwards08_poses,existing_back_walk_source_direction_verified_crop,walk backwards,,,,False,,,,back_walk_14179_18_83,0.9,4.15,65,0,0.5851544737815857,m/s,,,,{},/home/psirobot/projects/frankenmotion/outputs_amass/unified_direct_20261008/data/motions/KIT/7/WalkingStraightBackwards08_poses.npy,awaiting_user_review,False,7c13a11fdea349fd64218bb84a163f074f2d55df92a30deb1a1e0074aecfaa5b,/mnt/sda2/frankenmotion/outputs_amass/source_repair_back_walk_20261010_v2/cache/train_back_walk_14179_18_83.npz,/mnt/sda2/dataset/amass/KIT/7/WalkingStraightBackwards08_poses.npz,d2ca697d6b19895023b1f0938d0fbedee3f464c35538d6a6fb61859968885327
back_walk,train,back_walk_14346_14_82,KIT/9/WalkingStraightBackwards06_poses,existing_back_walk_source_direction_verified_crop,walk backwards,,,,False,,,,back_walk_14346_14_82,0.7,4.1,68,0,0.47928017377853394,m/s,,,,{},/home/psirobot/projects/frankenmotion/outputs_amass/unified_direct_20261008/data/motions/KIT/9/WalkingStraightBackwards06_poses.npy,awaiting_user_review,False,3dce0aecb9c6322dcf904c1b9b3967bfced18123819d8dfb6c91dccadee522a9,/mnt/sda2/frankenmotion/outputs_amass/source_repair_back_walk_20261010_v2/cache/train_back_walk_14346_14_82.npz,/mnt/sda2/dataset/amass/KIT/9/WalkingStraightBackwards06_poses.npz,d2ca697d6b19895023b1f0938d0fbedee3f464c35538d6a6fb61859968885327
back_walk,train,back_walk_14225_23_95,KIT/8/WalkingStraightBackwards03_poses,existing_back_walk_source_direction_verified_crop,walk backwards,,,,False,,,,back_walk_14225_23_95,1.15,4.75,72,0,0.45220252871513367,m/s,,,,{},/home/psirobot/projects/frankenmotion/outputs_amass/unified_direct_20261008/data/motions/KIT/8/WalkingStraightBackwards03_poses.npy,awaiting_user_review,False,a5495123e672e76eaff7d60521e62dcf3a0d05d7752f02b13660f326dd59a82b,/mnt/sda2/frankenmotion/outputs_amass/source_repair_back_walk_20261010_v2/cache/train_back_walk_14225_23_95.npz,/mnt/sda2/dataset/amass/KIT/8/WalkingStraightBackwards03_poses.npz,d2ca697d6b19895023b1f0938d0fbedee3f464c35538d6a6fb61859968885327
back_walk,train,back_walk_06835_71_124,CMU/41/41_08_poses,existing_back_walk_source_direction_verified_crop,walk backwards,,,,False,,,,back_walk_06835_71_124,3.55,6.2,53,0,0.25931957364082336,m/s,,,,{},/home/psirobot/projects/frankenmotion/outputs_amass/unified_direct_20261008/data/motions/CMU/41/41_08_poses.npy,awaiting_user_review,False,b5b79ff22f01e4ab4496e54acedaf6e79ab8107309420cd38ba158914af2d6b1,/mnt/sda2/frankenmotion/outputs_amass/source_repair_back_walk_20261010_v2/cache/train_back_walk_06835_71_124.npz,/mnt/sda2/dataset/amass/CMU/41/41_08_poses.npz,d2ca697d6b19895023b1f0938d0fbedee3f464c35538d6a6fb61859968885327
back_walk,train,back_walk_05118_0_95,CMU/106/106_31_poses,existing_back_walk_source_direction_verified_crop,walk backwards,,,,False,,,,back_walk_05118_0_95,0.0,4.75,95,0,0.8048844933509827,m/s,,,,{},/home/psirobot/projects/frankenmotion/outputs_amass/unified_direct_20261008/data/motions/CMU/106/106_31_poses.npy,awaiting_user_review,False,a0bde1bef5851174617d7f427626c1e5a72c3437ef70d8ee912014c7f9c2ce87,/mnt/sda2/frankenmotion/outputs_amass/source_repair_back_walk_20261010_v2/cache/train_back_walk_05118_0_95.npz,/mnt/sda2/dataset/amass/CMU/106/106_31_poses.npz,d2ca697d6b19895023b1f0938d0fbedee3f464c35538d6a6fb61859968885327
back_walk,train,back_walk_16053_84_148,Transitions_mocap/mazen_c3d/kick_walk_poses,existing_back_walk_source_direction_verified_crop,walk backwards,,,,False,,,,back_walk_16053_84_148,4.2,7.4,64,0,0.756231963634491,m/s,,,,{},/home/psirobot/projects/frankenmotion/outputs_amass/unified_direct_20261008/data/motions/Transitions_mocap/mazen_c3d/kick_walk_poses.npy,awaiting_user_review,False,eca460b1c1bedb470a0408d519f449e805bbf11ed3705dab09d11e020020f367,/mnt/sda2/frankenmotion/outputs_amass/source_repair_back_walk_20261010_v2/cache/train_back_walk_16053_84_148.npz,/mnt/sda2/dataset/amass/mazen_c3d/kick_walk_poses.npz,d2ca697d6b19895023b1f0938d0fbedee3f464c35538d6a6fb61859968885327
back_walk,train,back_walk_08684_138_195,Eyes_Japan_Dataset/hamada/accident-13-damage back-hamada_poses,existing_back_walk_source_direction_verified_crop,walk backwards,,,,False,,,,back_walk_08684_138_195,6.9,9.75,57,0,0.4381534159183502,m/s,,,,{},/home/psirobot/projects/frankenmotion/outputs_amass/unified_direct_20261008/data/motions/Eyes_Japan_Dataset/hamada/accident-13-damage back-hamada_poses.npy,awaiting_user_review,False,0e6d3bcfb4412d7a6d978a477d55ac295699da1cbeb5ec8684bb90774a42660a,/mnt/sda2/frankenmotion/outputs_amass/source_repair_back_walk_20261010_v2/cache/train_back_walk_08684_138_195.npz,/mnt/sda2/dataset/amass/Eyes_Japan_Dataset/hamada/accident-13-damage back-hamada_poses.npz,d2ca697d6b19895023b1f0938d0fbedee3f464c35538d6a6fb61859968885327
back_walk,train,back_walk_08684_278_347,Eyes_Japan_Dataset/hamada/accident-13-damage back-hamada_poses,existing_back_walk_source_direction_verified_crop,walk backwards,,,,False,,,,back_walk_08684_278_347,13.9,17.35,69,0,0.43097159266471863,m/s,,,,{},/home/psirobot/projects/frankenmotion/outputs_amass/unified_direct_20261008/data/motions/Eyes_Japan_Dataset/hamada/accident-13-damage back-hamada_poses.npy,awaiting_user_review,False,6d6cfd7a7788b141a07e4a48374287ee198e013a42edae3423322758a4b92353,/mnt/sda2/frankenmotion/outputs_amass/source_repair_back_walk_20261010_v2/cache/train_back_walk_08684_278_347.npz,/mnt/sda2/dataset/amass/Eyes_Japan_Dataset/hamada/accident-13-damage back-hamada_poses.npz,d2ca697d6b19895023b1f0938d0fbedee3f464c35538d6a6fb61859968885327
back_walk,train,back_walk_14175_28_92,KIT/7/WalkingStraightBackwards04_poses,existing_back_walk_source_direction_verified_crop,walk backwards,,,,False,,,,back_walk_14175_28_92,1.4,4.6,64,0,0.57841557264328,m/s,,,,{},/home/psirobot/projects/frankenmotion/outputs_amass/unified_direct_20261008/data/motions/KIT/7/WalkingStraightBackwards04_poses.npy,awaiting_user_review,False,251100a63def3a2b315da08d59f34780aeba890bbdcfa88035a4b28bcbb6b5eb,/mnt/sda2/frankenmotion/outputs_amass/source_repair_back_walk_20261010_v2/cache/train_back_walk_14175_28_92.npz,/mnt/sda2/dataset/amass/KIT/7/WalkingStraightBackwards04_poses.npz,d2ca697d6b19895023b1f0938d0fbedee3f464c35538d6a6fb61859968885327
back_walk,train,back_walk_11669_20_94,KIT/3/seesaw_backwards03_poses,existing_back_walk_source_direction_verified_crop,walk backwards,,,,False,,,,back_walk_11669_20_94,1.0,4.7,74,0,0.39581382274627686,m/s,,,,{},/home/psirobot/projects/frankenmotion/outputs_amass/unified_direct_20261008/data/motions/KIT/3/seesaw_backwards03_poses.npy,awaiting_user_review,False,ead4e30f612a12a80f827b68d0f50c8096103194d32e33b096a787385cdd2360,/mnt/sda2/frankenmotion/outputs_amass/source_repair_back_walk_20261010_v2/cache/train_back_walk_11669_20_94.npz,/mnt/sda2/dataset/amass/KIT/3/seesaw_backwards03_poses.npz,d2ca697d6b19895023b1f0938d0fbedee3f464c35538d6a6fb61859968885327
back_walk,train,back_walk_15000_314_397,MPI_HDM05/dg/HDM_dg_01-01_03_120_poses,existing_back_walk_source_direction_verified_crop,walk backwards,,,,False,,,,back_walk_15000_314_397,15.7,19.85,83,0,0.7706305384635925,m/s,,,,{},/home/psirobot/projects/frankenmotion/outputs_amass/unified_direct_20261008/data/motions/MPI_HDM05/dg/HDM_dg_01-01_03_120_poses.npy,awaiting_user_review,False,f14ab4abfe9aa8deec820407166c949c87293dd8af0e8711a68ebc44776183da,/mnt/sda2/frankenmotion/outputs_amass/source_repair_back_walk_20261010_v2/cache/train_back_walk_15000_314_397.npz,/mnt/sda2/dataset/amass/MPI_HDM05/dg/HDM_dg_01-01_03_120_poses.npz,d2ca697d6b19895023b1f0938d0fbedee3f464c35538d6a6fb61859968885327
back_walk,train,back_walk_05738_23_110,CMU/136/136_25_poses,existing_back_walk_source_direction_verified_crop,walk backwards,,,,False,,,,back_walk_05738_23_110,1.15,5.5,87,0,0.4281693994998932,m/s,,,,{},/home/psirobot/projects/frankenmotion/outputs_amass/unified_direct_20261008/data/motions/CMU/136/136_25_poses.npy,awaiting_user_review,False,02c1ddd1d2a175b6967cf99c493d82cb8004833fc3acc22fde68d746e5d21922,/mnt/sda2/frankenmotion/outputs_amass/source_repair_back_walk_20261010_v2/cache/train_back_walk_05738_23_110.npz,/mnt/sda2/dataset/amass/CMU/136/136_25_poses.npz,d2ca697d6b19895023b1f0938d0fbedee3f464c35538d6a6fb61859968885327
back_walk,train,back_walk_05738_110_198,CMU/136/136_25_poses,existing_back_walk_source_direction_verified_crop,walk backwards,,,,False,,,,back_walk_05738_110_198,5.5,9.9,88,0,0.4976649284362793,m/s,,,,{},/home/psirobot/projects/frankenmotion/outputs_amass/unified_direct_20261008/data/motions/CMU/136/136_25_poses.npy,awaiting_user_review,False,d7b5796f4446ff73ef1d3b5fe6c2d3998eb927ebe359a3951607502d729faa71,/mnt/sda2/frankenmotion/outputs_amass/source_repair_back_walk_20261010_v2/cache/train_back_walk_05738_110_198.npz,/mnt/sda2/dataset/amass/CMU/136/136_25_poses.npz,d2ca697d6b19895023b1f0938d0fbedee3f464c35538d6a6fb61859968885327
back_walk,train,back_walk_05738_198_286,CMU/136/136_25_poses,existing_back_walk_source_direction_verified_crop,walk backwards,,,,False,,,,back_walk_05738_198_286,9.9,14.3,88,0,0.3863346576690674,m/s,,,,{},/home/psirobot/projects/frankenmotion/outputs_amass/unified_direct_20261008/data/motions/CMU/136/136_25_poses.npy,awaiting_user_review,False,4fdee256356e84ce07ec040f4ae233123ccc2d757e05d071a3ccb3000f7f5750,/mnt/sda2/frankenmotion/outputs_amass/source_repair_back_walk_20261010_v2/cache/train_back_walk_05738_198_286.npz,/mnt/sda2/dataset/amass/CMU/136/136_25_poses.npz,d2ca697d6b19895023b1f0938d0fbedee3f464c35538d6a6fb61859968885327
back_walk,train,back_walk_14349_6_69,KIT/9/WalkingStraightBackwards10_poses,existing_back_walk_source_direction_verified_crop,walk backwards,,,,False,,,,back_walk_14349_6_69,0.3,3.45,63,0,0.46810242533683777,m/s,,,,{},/home/psirobot/projects/frankenmotion/outputs_amass/unified_direct_20261008/data/motions/KIT/9/WalkingStraightBackwards10_poses.npy,awaiting_user_review,False,ed159b033083be643bc19445cfdbf37fb1859281558df25d9ddd276fa56a5a52,/mnt/sda2/frankenmotion/outputs_amass/source_repair_back_walk_20261010_v2/cache/train_back_walk_14349_6_69.npz,/mnt/sda2/dataset/amass/KIT/9/WalkingStraightBackwards10_poses.npz,d2ca697d6b19895023b1f0938d0fbedee3f464c35538d6a6fb61859968885327
back_walk,train,back_walk_08130_13_86,EKUT/125/WSUB2_poses,existing_back_walk_source_direction_verified_crop,walk backwards,,,,False,,,,back_walk_08130_13_86,0.65,4.3,73,0,0.5540955066680908,m/s,,,,{},/home/psirobot/projects/frankenmotion/outputs_amass/unified_direct_20261008/data/motions/EKUT/125/WSUB2_poses.npy,awaiting_user_review,False,1a4a6362b60da1fb161b5bfef8abf3e3be3f3a5af399ed1c7f914502137b5dc2,/mnt/sda2/frankenmotion/outputs_amass/source_repair_back_walk_20261010_v2/cache/train_back_walk_08130_13_86.npz,/mnt/sda2/dataset/amass/EKUT/125/WSUB2_poses.npz,d2ca697d6b19895023b1f0938d0fbedee3f464c35538d6a6fb61859968885327
back_walk,train,back_walk_12846_276_316,KIT/425/pour_and_mixing_normal_speed_01_poses,existing_back_walk_source_direction_verified_crop,walk backwards,,,,False,,,,back_walk_12846_276_316,13.8,15.8,40,0,0.4100399613380432,m/s,,,,{},/home/psirobot/projects/frankenmotion/outputs_amass/unified_direct_20261008/data/motions/KIT/425/pour_and_mixing_normal_speed_01_poses.npy,awaiting_user_review,False,c9189dfb646bf5047b976440ac5d9290546b2342230e54099f4fa86797c676ac,/mnt/sda2/frankenmotion/outputs_amass/source_repair_back_walk_20261010_v2/cache/train_back_walk_12846_276_316.npz,/mnt/sda2/dataset/amass/KIT/425/pour_and_mixing_normal_speed_01_poses.npz,d2ca697d6b19895023b1f0938d0fbedee3f464c35538d6a6fb61859968885327
back_walk,train,back_walk_16068_1_78,Transitions_mocap/mazen_c3d/run_longjump_poses,existing_back_walk_source_direction_verified_crop,walk backwards,,,,False,,,,back_walk_16068_1_78,0.05,3.9,77,0,0.8880415558815002,m/s,,,,{},/home/psirobot/projects/frankenmotion/outputs_amass/unified_direct_20261008/data/motions/Transitions_mocap/mazen_c3d/run_longjump_poses.npy,awaiting_user_review,False,b6ee4b27b9a701a65d5d7660db502730214a38692e53c6e89d6d4583055acb1c,/mnt/sda2/frankenmotion/outputs_amass/source_repair_back_walk_20261010_v2/cache/train_back_walk_16068_1_78.npz,/mnt/sda2/dataset/amass/mazen_c3d/run_longjump_poses.npz,d2ca697d6b19895023b1f0938d0fbedee3f464c35538d6a6fb61859968885327
back_walk,train,back_walk_16068_156_232,Transitions_mocap/mazen_c3d/run_longjump_poses,existing_back_walk_source_direction_verified_crop,walk backwards,,,,False,,,,back_walk_16068_156_232,7.8,11.6,76,0,1.0737210512161255,m/s,,,,{},/home/psirobot/projects/frankenmotion/outputs_amass/unified_direct_20261008/data/motions/Transitions_mocap/mazen_c3d/run_longjump_poses.npy,awaiting_user_review,False,3b72b25659086c2aaf15e50a49e6ad20174b278017f4280c9f02710b1c1a6f5f,/mnt/sda2/frankenmotion/outputs_amass/source_repair_back_walk_20261010_v2/cache/train_back_walk_16068_156_232.npz,/mnt/sda2/dataset/amass/mazen_c3d/run_longjump_poses.npz,d2ca697d6b19895023b1f0938d0fbedee3f464c35538d6a6fb61859968885327
back_walk,train,back_walk_12520_24_105,KIT/4/WalkingStraightBackwards01_poses,existing_back_walk_source_direction_verified_crop,walk backwards,,,,False,,,,back_walk_12520_24_105,1.2,5.25,81,0,0.46586963534355164,m/s,,,,{},/home/psirobot/projects/frankenmotion/outputs_amass/unified_direct_20261008/data/motions/KIT/4/WalkingStraightBackwards01_poses.npy,awaiting_user_review,False,84e48ba2276402cddc27452d6c85f0ad75e12158f9b1da691f621e3b8a531a0a,/mnt/sda2/frankenmotion/outputs_amass/source_repair_back_walk_20261010_v2/cache/train_back_walk_12520_24_105.npz,/mnt/sda2/dataset/amass/KIT/4/WalkingStraightBackwards01_poses.npz,d2ca697d6b19895023b1f0938d0fbedee3f464c35538d6a6fb61859968885327
back_walk,train,back_walk_13221_57_112,KIT/551/drink03_poses,existing_back_walk_source_direction_verified_crop,walk backwards,,,,False,,,,back_walk_13221_57_112,2.85,5.6,55,0,0.2276977300643921,m/s,,,,{},/home/psirobot/projects/frankenmotion/outputs_amass/unified_direct_20261008/data/motions/KIT/551/drink03_poses.npy,awaiting_user_review,False,eee23fadafb414e1f315fe447823eb93784bb722dc001906df1c762ca497d3d0,/mnt/sda2/frankenmotion/outputs_amass/source_repair_back_walk_20261010_v2/cache/train_back_walk_13221_57_112.npz,/mnt/sda2/dataset/amass/KIT/551/drink03_poses.npz,d2ca697d6b19895023b1f0938d0fbedee3f464c35538d6a6fb61859968885327
back_walk,train,back_walk_11243_37_77,KIT/291/push_recovery_stand_front08_poses,existing_back_walk_source_direction_verified_crop,walk backwards,,,,False,,,,back_walk_11243_37_77,1.85,3.85,40,0,0.548922061920166,m/s,,,,{},/home/psirobot/projects/frankenmotion/outputs_amass/unified_direct_20261008/data/motions/KIT/291/push_recovery_stand_front08_poses.npy,awaiting_user_review,False,14dbde4906132ad5aa1cb689cdcb62a69e496a4861f355588fc5720736d6da33,/mnt/sda2/frankenmotion/outputs_amass/source_repair_back_walk_20261010_v2/cache/train_back_walk_11243_37_77.npz,/mnt/sda2/dataset/amass/KIT/291/push_recovery_stand_front08_poses.npz,d2ca697d6b19895023b1f0938d0fbedee3f464c35538d6a6fb61859968885327
back_walk,train,back_walk_16070_10_69,Transitions_mocap/mazen_c3d/run_walk_poses,existing_back_walk_source_direction_verified_crop,walk backwards,,,,False,,,,back_walk_16070_10_69,0.5,3.45,59,0,0.8904045224189758,m/s,,,,{},/home/psirobot/projects/frankenmotion/outputs_amass/unified_direct_20261008/data/motions/Transitions_mocap/mazen_c3d/run_walk_poses.npy,awaiting_user_review,False,041289a94e9dcc1f34818f8f41cdcfd035b9fb99c0a2cc98f093859985bae365,/mnt/sda2/frankenmotion/outputs_amass/source_repair_back_walk_20261010_v2/cache/train_back_walk_16070_10_69.npz,/mnt/sda2/dataset/amass/mazen_c3d/run_walk_poses.npz,d2ca697d6b19895023b1f0938d0fbedee3f464c35538d6a6fb61859968885327
back_walk,train,back_walk_14341_19_85,KIT/9/WalkingStraightBackwards01_poses,existing_back_walk_source_direction_verified_crop,walk backwards,,,,False,,,,back_walk_14341_19_85,0.95,4.25,66,0,0.4341796934604645,m/s,,,,{},/home/psirobot/projects/frankenmotion/outputs_amass/unified_direct_20261008/data/motions/KIT/9/WalkingStraightBackwards01_poses.npy,awaiting_user_review,False,4ea46094369ec097507b0c7ececaf60f2582d3567bf7d1817a734ac828228686,/mnt/sda2/frankenmotion/outputs_amass/source_repair_back_walk_20261010_v2/cache/train_back_walk_14341_19_85.npz,/mnt/sda2/dataset/amass/KIT/9/WalkingStraightBackwards01_poses.npz,d2ca697d6b19895023b1f0938d0fbedee3f464c35538d6a6fb61859968885327
back_walk,train,back_walk_08120_28_95,EKUT/125/WSDB5_poses,existing_back_walk_source_direction_verified_crop,walk backwards,,,,False,,,,back_walk_08120_28_95,1.4,4.75,67,0,0.30254456400871277,m/s,,,,{},/home/psirobot/projects/frankenmotion/outputs_amass/unified_direct_20261008/data/motions/EKUT/125/WSDB5_poses.npy,awaiting_user_review,False,2d551aecc4cb5851dd310236d161ac386efaaa1b057785e145d18d455d42f59e,/mnt/sda2/frankenmotion/outputs_amass/source_repair_back_walk_20261010_v2/cache/train_back_walk_08120_28_95.npz,/mnt/sda2/dataset/amass/EKUT/125/WSDB5_poses.npz,d2ca697d6b19895023b1f0938d0fbedee3f464c35538d6a6fb61859968885327
back_walk,train,back_walk_08120_95_162,EKUT/125/WSDB5_poses,existing_back_walk_source_direction_verified_crop,walk backwards,,,,False,,,,back_walk_08120_95_162,4.75,8.1,67,0,0.6038715839385986,m/s,,,,{},/home/psirobot/projects/frankenmotion/outputs_amass/unified_direct_20261008/data/motions/EKUT/125/WSDB5_poses.npy,awaiting_user_review,False,f8f7367149e8db29057c6c096a657260b4d9cab2ad305b8e6e9aadf86bae1b4e,/mnt/sda2/frankenmotion/outputs_amass/source_repair_back_walk_20261010_v2/cache/train_back_walk_08120_95_162.npz,/mnt/sda2/dataset/amass/EKUT/125/WSDB5_poses.npz,d2ca697d6b19895023b1f0938d0fbedee3f464c35538d6a6fb61859968885327
back_walk,train,back_walk_11672_84_152,KIT/3/seesaw_backwards06_poses,existing_back_walk_source_direction_verified_crop,walk backwards,,,,False,,,,back_walk_11672_84_152,4.2,7.6,68,0,0.41313308477401733,m/s,,,,{},/home/psirobot/projects/frankenmotion/outputs_amass/unified_direct_20261008/data/motions/KIT/3/seesaw_backwards06_poses.npy,awaiting_user_review,False,80619b320218c5acd83daa553824947a1d8fe55a00e2650f8861017b6f3a1be8,/mnt/sda2/frankenmotion/outputs_amass/source_repair_back_walk_20261010_v2/cache/train_back_walk_11672_84_152.npz,/mnt/sda2/dataset/amass/KIT/3/seesaw_backwards06_poses.npz,d2ca697d6b19895023b1f0938d0fbedee3f464c35538d6a6fb61859968885327
back_walk,train,back_walk_08118_17_84,EKUT/125/WSDB3_poses,existing_back_walk_source_direction_verified_crop,walk backwards,,,,False,,,,back_walk_08118_17_84,0.85,4.2,67,0,0.32238683104515076,m/s,,,,{},/home/psirobot/projects/frankenmotion/outputs_amass/unified_direct_20261008/data/motions/EKUT/125/WSDB3_poses.npy,awaiting_user_review,False,eca4034e0218e34ff5ce3c9b52f26df9a19eaad60033e28596e0df63832c3deb,/mnt/sda2/frankenmotion/outputs_amass/source_repair_back_walk_20261010_v2/cache/train_back_walk_08118_17_84.npz,/mnt/sda2/dataset/amass/EKUT/125/WSDB3_poses.npz,d2ca697d6b19895023b1f0938d0fbedee3f464c35538d6a6fb61859968885327
back_walk,train,back_walk_08118_84_151,EKUT/125/WSDB3_poses,existing_back_walk_source_direction_verified_crop,walk backwards,,,,False,,,,back_walk_08118_84_151,4.2,7.55,67,0,0.6352309584617615,m/s,,,,{},/home/psirobot/projects/frankenmotion/outputs_amass/unified_direct_20261008/data/motions/EKUT/125/WSDB3_poses.npy,awaiting_user_review,False,49fc557773284a1a37159620ef3525cdbef7deab28b398d79246a1d80be44c5f,/mnt/sda2/frankenmotion/outputs_amass/source_repair_back_walk_20261010_v2/cache/train_back_walk_08118_84_151.npz,/mnt/sda2/dataset/amass/EKUT/125/WSDB3_poses.npz,d2ca697d6b19895023b1f0938d0fbedee3f464c35538d6a6fb61859968885327
back_walk,train,back_walk_12526_26_96,KIT/4/WalkingStraightBackwards07_poses,existing_back_walk_source_direction_verified_crop,walk backwards,,,,False,,,,back_walk_12526_26_96,1.3,4.8,70,0,0.5498732328414917,m/s,,,,{},/home/psirobot/projects/frankenmotion/outputs_amass/unified_direct_20261008/data/motions/KIT/4/WalkingStraightBackwards07_poses.npy,awaiting_user_review,False,eeafe14f03cc73c0d55e098383f60f311ae2d972baa16f2f267d442af5d3adc9,/mnt/sda2/frankenmotion/outputs_amass/source_repair_back_walk_20261010_v2/cache/train_back_walk_12526_26_96.npz,/mnt/sda2/dataset/amass/KIT/4/WalkingStraightBackwards07_poses.npz,d2ca697d6b19895023b1f0938d0fbedee3f464c35538d6a6fb61859968885327
back_walk,train,back_walk_14348_11_83,KIT/9/WalkingStraightBackwards09_poses,existing_back_walk_source_direction_verified_crop,walk backwards,,,,False,,,,back_walk_14348_11_83,0.55,4.15,72,0,0.48156407475471497,m/s,,,,{},/home/psirobot/projects/frankenmotion/outputs_amass/unified_direct_20261008/data/motions/KIT/9/WalkingStraightBackwards09_poses.npy,awaiting_user_review,False,345cec6963d6e5a2dcc376b16091de1bf771eed9fe042b6f9dc4e51e4186a928,/mnt/sda2/frankenmotion/outputs_amass/source_repair_back_walk_20261010_v2/cache/train_back_walk_14348_11_83.npz,/mnt/sda2/dataset/amass/KIT/9/WalkingStraightBackwards09_poses.npz,d2ca697d6b19895023b1f0938d0fbedee3f464c35538d6a6fb61859968885327
back_walk,train,back_walk_10160_31_91,KIT/11/WalkingStraightBackwards10_poses,existing_back_walk_source_direction_verified_crop,walk backwards,,,,False,,,,back_walk_10160_31_91,1.55,4.55,60,0,0.6411930322647095,m/s,,,,{},/home/psirobot/projects/frankenmotion/outputs_amass/unified_direct_20261008/data/motions/KIT/11/WalkingStraightBackwards10_poses.npy,awaiting_user_review,False,08e6fe0cc02c900e059a1f53616c40d3713750ce95109e04f7c7d6a15cf74155,/mnt/sda2/frankenmotion/outputs_amass/source_repair_back_walk_20261010_v2/cache/train_back_walk_10160_31_91.npz,/mnt/sda2/dataset/amass/KIT/11/WalkingStraightBackwards10_poses.npz,d2ca697d6b19895023b1f0938d0fbedee3f464c35538d6a6fb61859968885327
back_walk,train,back_walk_10152_29_97,KIT/11/WalkingStraightBackwards02_1_poses,existing_back_walk_source_direction_verified_crop,walk backwards,,,,False,,,,back_walk_10152_29_97,1.45,4.85,68,0,0.5436425805091858,m/s,,,,{},/home/psirobot/projects/frankenmotion/outputs_amass/unified_direct_20261008/data/motions/KIT/11/WalkingStraightBackwards02_1_poses.npy,awaiting_user_review,False,d2d25ee36c353bb44e7b4f34f6478835a68cd683082b04cbd249d658d1754eac,/mnt/sda2/frankenmotion/outputs_amass/source_repair_back_walk_20261010_v2/cache/train_back_walk_10152_29_97.npz,/mnt/sda2/dataset/amass/KIT/11/WalkingStraightBackwards02_1_poses.npz,d2ca697d6b19895023b1f0938d0fbedee3f464c35538d6a6fb61859968885327
back_walk,train,back_walk_13220_192_252,KIT/551/drink01_poses,existing_back_walk_source_direction_verified_crop,walk backwards,,,,False,,,,back_walk_13220_192_252,9.6,12.6,60,0,0.28112301230430603,m/s,,,,{},/home/psirobot/projects/frankenmotion/outputs_amass/unified_direct_20261008/data/motions/KIT/551/drink01_poses.npy,awaiting_user_review,False,0cfc892848993e81bd509c3179afa91ee459aaa4a7c1f0a58643e09bc9cbfc6c,/mnt/sda2/frankenmotion/outputs_amass/source_repair_back_walk_20261010_v2/cache/train_back_walk_13220_192_252.npz,/mnt/sda2/dataset/amass/KIT/551/drink01_poses.npz,d2ca697d6b19895023b1f0938d0fbedee3f464c35538d6a6fb61859968885327
back_walk,train,back_walk_10200_39_106,KIT/12/WalkingStraightBackwards01_poses,existing_back_walk_source_direction_verified_crop,walk backwards,,,,False,,,,back_walk_10200_39_106,1.95,5.3,67,0,0.6851451396942139,m/s,,,,{},/home/psirobot/projects/frankenmotion/outputs_amass/unified_direct_20261008/data/motions/KIT/12/WalkingStraightBackwards01_poses.npy,awaiting_user_review,False,a2586d66953fc456becfce712cd898a981274ad2325cf379f0df9c1a5f4c40c6,/mnt/sda2/frankenmotion/outputs_amass/source_repair_back_walk_20261010_v2/cache/train_back_walk_10200_39_106.npz,/mnt/sda2/dataset/amass/KIT/12/WalkingStraightBackwards01_poses.npz,d2ca697d6b19895023b1f0938d0fbedee3f464c35538d6a6fb61859968885327
back_walk,train,back_walk_11673_120_201,KIT/3/seesaw_backwards07_poses,existing_back_walk_source_direction_verified_crop,walk backwards,,,,False,,,,back_walk_11673_120_201,6.0,10.05,81,0,0.3238462209701538,m/s,,,,{},/home/psirobot/projects/frankenmotion/outputs_amass/unified_direct_20261008/data/motions/KIT/3/seesaw_backwards07_poses.npy,awaiting_user_review,False,168b7588bb04a6df5c41dbb2a48109b891d6980c32f88804c361575431486be2,/mnt/sda2/frankenmotion/outputs_amass/source_repair_back_walk_20261010_v2/cache/train_back_walk_11673_120_201.npz,/mnt/sda2/dataset/amass/KIT/3/seesaw_backwards07_poses.npz,d2ca697d6b19895023b1f0938d0fbedee3f464c35538d6a6fb61859968885327
back_walk,train,back_walk_14173_29_98,KIT/7/WalkingStraightBackwards02_poses,existing_back_walk_source_direction_verified_crop,walk backwards,,,,False,,,,back_walk_14173_29_98,1.45,4.9,69,0,0.5681421756744385,m/s,,,,{},/home/psirobot/projects/frankenmotion/outputs_amass/unified_direct_20261008/data/motions/KIT/7/WalkingStraightBackwards02_poses.npy,awaiting_user_review,False,12a75ca2d33e931c85c03d293d79881955052710cc14954df52417c0d6c73477,/mnt/sda2/frankenmotion/outputs_amass/source_repair_back_walk_20261010_v2/cache/train_back_walk_14173_29_98.npz,/mnt/sda2/dataset/amass/KIT/7/WalkingStraightBackwards02_poses.npz,d2ca697d6b19895023b1f0938d0fbedee3f464c35538d6a6fb61859968885327
back_walk,train,back_walk_13733_20_83,KIT/6/WalkingStraightBackwards07_poses,existing_back_walk_source_direction_verified_crop,walk backwards,,,,False,,,,back_walk_13733_20_83,1.0,4.15,63,0,0.5736380815505981,m/s,,,,{},/home/psirobot/projects/frankenmotion/outputs_amass/unified_direct_20261008/data/motions/KIT/6/WalkingStraightBackwards07_poses.npy,awaiting_user_review,False,e4a83c5b786ef62bd24371a4fd58f96619d787b0279e78a1fbe5a7ed332da8d0,/mnt/sda2/frankenmotion/outputs_amass/source_repair_back_walk_20261010_v2/cache/train_back_walk_13733_20_83.npz,/mnt/sda2/dataset/amass/KIT/6/WalkingStraightBackwards07_poses.npz,d2ca697d6b19895023b1f0938d0fbedee3f464c35538d6a6fb61859968885327
back_walk,train,back_walk_14230_25_99,KIT/8/WalkingStraightBackwards08_poses,existing_back_walk_source_direction_verified_crop,walk backwards,,,,False,,,,back_walk_14230_25_99,1.25,4.95,74,0,0.5357292294502258,m/s,,,,{},/home/psirobot/projects/frankenmotion/outputs_amass/unified_direct_20261008/data/motions/KIT/8/WalkingStraightBackwards08_poses.npy,awaiting_user_review,False,16d7a9ef745b14ba8fd183daca1032fa58e04bd7dfbf2e4cca786ec843cd6fdb,/mnt/sda2/frankenmotion/outputs_amass/source_repair_back_walk_20261010_v2/cache/train_back_walk_14230_25_99.npz,/mnt/sda2/dataset/amass/KIT/8/WalkingStraightBackwards08_poses.npz,d2ca697d6b19895023b1f0938d0fbedee3f464c35538d6a6fb61859968885327
back_walk,train,back_walk_15321_315_395,MPI_HDM05/tr/HDM_tr_01-01_01_120_poses,existing_back_walk_source_direction_verified_crop,walk backwards,,,,False,,,,back_walk_15321_315_395,15.75,19.75,80,0,0.6069779992103577,m/s,,,,{},/home/psirobot/projects/frankenmotion/outputs_amass/unified_direct_20261008/data/motions/MPI_HDM05/tr/HDM_tr_01-01_01_120_poses.npy,awaiting_user_review,False,8e4b36c56116a5fcd778293eda03234a47a0671771ad428f3c35a140680d8a18,/mnt/sda2/frankenmotion/outputs_amass/source_repair_back_walk_20261010_v2/cache/train_back_walk_15321_315_395.npz,/mnt/sda2/dataset/amass/MPI_HDM05/tr/HDM_tr_01-01_01_120_poses.npz,d2ca697d6b19895023b1f0938d0fbedee3f464c35538d6a6fb61859968885327
back_walk,train,back_walk_14229_25_97,KIT/8/WalkingStraightBackwards07_poses,existing_back_walk_source_direction_verified_crop,walk backwards,,,,False,,,,back_walk_14229_25_97,1.25,4.85,72,0,0.5442639589309692,m/s,,,,{},/home/psirobot/projects/frankenmotion/outputs_amass/unified_direct_20261008/data/motions/KIT/8/WalkingStraightBackwards07_poses.npy,awaiting_user_review,False,57498b14d94f21bb7e508388c1617d55ba8d27b5c7586b9bd5e8b9f68b775abd,/mnt/sda2/frankenmotion/outputs_amass/source_repair_back_walk_20261010_v2/cache/train_back_walk_14229_25_97.npz,/mnt/sda2/dataset/amass/KIT/8/WalkingStraightBackwards07_poses.npz,d2ca697d6b19895023b1f0938d0fbedee3f464c35538d6a6fb61859968885327
back_walk,train,back_walk_10110_18_94,KIT/10/WalkingStraightBackwards09_poses,existing_back_walk_source_direction_verified_crop,walk backwards,,,,False,,,,back_walk_10110_18_94,0.9,4.7,76,0,0.5567591786384583,m/s,,,,{},/home/psirobot/projects/frankenmotion/outputs_amass/unified_direct_20261008/data/motions/KIT/10/WalkingStraightBackwards09_poses.npy,awaiting_user_review,False,20118068b6aade38605daf30e984e4244acb79fc26e4cc4eaf76879491e2cdc2,/mnt/sda2/frankenmotion/outputs_amass/source_repair_back_walk_20261010_v2/cache/train_back_walk_10110_18_94.npz,/mnt/sda2/dataset/amass/KIT/10/WalkingStraightBackwards09_poses.npz,d2ca697d6b19895023b1f0938d0fbedee3f464c35538d6a6fb61859968885327
back_walk,train,back_walk_13727_22_79,KIT/6/WalkingStraightBackwards01_poses,existing_back_walk_source_direction_verified_crop,walk backwards,,,,False,,,,back_walk_13727_22_79,1.1,3.95,57,0,0.5147180557250977,m/s,,,,{},/home/psirobot/projects/frankenmotion/outputs_amass/unified_direct_20261008/data/motions/KIT/6/WalkingStraightBackwards01_poses.npy,awaiting_user_review,False,83e50935e25b9513de9245edb214e4a2c243ddc085552fac58dbe8b7a527c73e,/mnt/sda2/frankenmotion/outputs_amass/source_repair_back_walk_20261010_v2/cache/train_back_walk_13727_22_79.npz,/mnt/sda2/dataset/amass/KIT/6/WalkingStraightBackwards01_poses.npz,d2ca697d6b19895023b1f0938d0fbedee3f464c35538d6a6fb61859968885327
back_walk,train,back_walk_13202_124_167,KIT/551/cup01_poses,existing_back_walk_source_direction_verified_crop,walk backwards,,,,False,,,,back_walk_13202_124_167,6.2,8.35,43,0,0.31733885407447815,m/s,,,,{},/home/psirobot/projects/frankenmotion/outputs_amass/unified_direct_20261008/data/motions/KIT/551/cup01_poses.npy,awaiting_user_review,False,dc3fc7ff9694d0a19c4dd775c2b303b3db0416ccd8b4786d30442f0411d275d8,/mnt/sda2/frankenmotion/outputs_amass/source_repair_back_walk_20261010_v2/cache/train_back_walk_13202_124_167.npz,/mnt/sda2/dataset/amass/KIT/551/cup01_poses.npz,d2ca697d6b19895023b1f0938d0fbedee3f464c35538d6a6fb61859968885327
back_walk,train,back_walk_10436_230_274,KIT/1297/wipe06_poses,existing_back_walk_source_direction_verified_crop,walk backwards,,,,False,,,,back_walk_10436_230_274,11.5,13.7,44,0,0.3621673583984375,m/s,,,,{},/home/psirobot/projects/frankenmotion/outputs_amass/unified_direct_20261008/data/motions/KIT/1297/wipe06_poses.npy,awaiting_user_review,False,1352d38495e3bc19668d13106972bd2603a93e723e87fd0b65431e8486e21c3f,/mnt/sda2/frankenmotion/outputs_amass/source_repair_back_walk_20261010_v2/cache/train_back_walk_10436_230_274.npz,/mnt/sda2/dataset/amass/KIT/1297/wipe06_poses.npz,d2ca697d6b19895023b1f0938d0fbedee3f464c35538d6a6fb61859968885327
back_walk,train,back_walk_10203_39_106,KIT/12/WalkingStraightBackwards04_poses,existing_back_walk_source_direction_verified_crop,walk backwards,,,,False,,,,back_walk_10203_39_106,1.95,5.3,67,0,0.666293203830719,m/s,,,,{},/home/psirobot/projects/frankenmotion/outputs_amass/unified_direct_20261008/data/motions/KIT/12/WalkingStraightBackwards04_poses.npy,awaiting_user_review,False,7ed63465adeea7f464279e5ba4c811f6d9394a5800614e7caa29f1fce9b4e7af,/mnt/sda2/frankenmotion/outputs_amass/source_repair_back_walk_20261010_v2/cache/train_back_walk_10203_39_106.npz,/mnt/sda2/dataset/amass/KIT/12/WalkingStraightBackwards04_poses.npz,d2ca697d6b19895023b1f0938d0fbedee3f464c35538d6a6fb61859968885327
back_walk,train,back_walk_06012_25_106,CMU/143/143_39_poses,existing_back_walk_source_direction_verified_crop,walk backwards,,,,False,,,,back_walk_06012_25_106,1.25,5.3,81,0,0.3873364329338074,m/s,,,,{},/home/psirobot/projects/frankenmotion/outputs_amass/unified_direct_20261008/data/motions/CMU/143/143_39_poses.npy,awaiting_user_review,False,87b2691a8863d8fb68852618f8b65c4b8208f10a8c06e691852dbfc1782a9f1e,/mnt/sda2/frankenmotion/outputs_amass/source_repair_back_walk_20261010_v2/cache/train_back_walk_06012_25_106.npz,/mnt/sda2/dataset/amass/CMU/143/143_39_poses.npz,d2ca697d6b19895023b1f0938d0fbedee3f464c35538d6a6fb61859968885327
back_walk,train,back_walk_06012_106_188,CMU/143/143_39_poses,existing_back_walk_source_direction_verified_crop,walk backwards,,,,False,,,,back_walk_06012_106_188,5.3,9.4,82,0,0.5484092831611633,m/s,,,,{},/home/psirobot/projects/frankenmotion/outputs_amass/unified_direct_20261008/data/motions/CMU/143/143_39_poses.npy,awaiting_user_review,False,674e896bada35b62c71660ee8264eef464b010f39704cffeb93ee3cf851826d5,/mnt/sda2/frankenmotion/outputs_amass/source_repair_back_walk_20261010_v2/cache/train_back_walk_06012_106_188.npz,/mnt/sda2/dataset/amass/CMU/143/143_39_poses.npz,d2ca697d6b19895023b1f0938d0fbedee3f464c35538d6a6fb61859968885327
back_walk,train,back_walk_06012_285_361,CMU/143/143_39_poses,existing_back_walk_source_direction_verified_crop,walk backwards,,,,False,,,,back_walk_06012_285_361,14.25,18.05,76,0,0.6420941948890686,m/s,,,,{},/home/psirobot/projects/frankenmotion/outputs_amass/unified_direct_20261008/data/motions/CMU/143/143_39_poses.npy,awaiting_user_review,False,ae009e12bf144f3e1a1a539b6db736945d35c755012bcc7ded111ce366ebf7e7,/mnt/sda2/frankenmotion/outputs_amass/source_repair_back_walk_20261010_v2/cache/train_back_walk_06012_285_361.npz,/mnt/sda2/dataset/amass/CMU/143/143_39_poses.npz,d2ca697d6b19895023b1f0938d0fbedee3f464c35538d6a6fb61859968885327
back_walk,train,back_walk_08117_29_93,EKUT/125/WSDB2_poses,existing_back_walk_source_direction_verified_crop,walk backwards,,,,False,,,,back_walk_08117_29_93,1.45,4.65,64,0,0.32949772477149963,m/s,,,,{},/home/psirobot/projects/frankenmotion/outputs_amass/unified_direct_20261008/data/motions/EKUT/125/WSDB2_poses.npy,awaiting_user_review,False,b36655a96331ec235599d956575f291d3a26ed17f20c85abedfac5daa63b930e,/mnt/sda2/frankenmotion/outputs_amass/source_repair_back_walk_20261010_v2/cache/train_back_walk_08117_29_93.npz,/mnt/sda2/dataset/amass/EKUT/125/WSDB2_poses.npz,d2ca697d6b19895023b1f0938d0fbedee3f464c35538d6a6fb61859968885327
back_walk,train,back_walk_08117_93_158,EKUT/125/WSDB2_poses,existing_back_walk_source_direction_verified_crop,walk backwards,,,,False,,,,back_walk_08117_93_158,4.65,7.9,65,0,0.6605018973350525,m/s,,,,{},/home/psirobot/projects/frankenmotion/outputs_amass/unified_direct_20261008/data/motions/EKUT/125/WSDB2_poses.npy,awaiting_user_review,False,bbe01d89906f49f20c59a66d737fc51c7ecb7903d3720f8fd10cfb8fcdd5b182,/mnt/sda2/frankenmotion/outputs_amass/source_repair_back_walk_20261010_v2/cache/train_back_walk_08117_93_158.npz,/mnt/sda2/dataset/amass/EKUT/125/WSDB2_poses.npz,d2ca697d6b19895023b1f0938d0fbedee3f464c35538d6a6fb61859968885327
back_walk,train,back_walk_12709_15_85,KIT/424/seesaw_backwards07_poses,existing_back_walk_source_direction_verified_crop,walk backwards,,,,False,,,,back_walk_12709_15_85,0.75,4.25,70,0,0.2962557077407837,m/s,,,,{},/home/psirobot/projects/frankenmotion/outputs_amass/unified_direct_20261008/data/motions/KIT/424/seesaw_backwards07_poses.npy,awaiting_user_review,False,6f73b475a6abc13d1ba8c7fd4810592ab72acbb14036d3b51ac72f69c1667122,/mnt/sda2/frankenmotion/outputs_amass/source_repair_back_walk_20261010_v2/cache/train_back_walk_12709_15_85.npz,/mnt/sda2/dataset/amass/KIT/424/seesaw_backwards07_poses.npz,d2ca697d6b19895023b1f0938d0fbedee3f464c35538d6a6fb61859968885327
back_walk,train,back_walk_12709_85_155,KIT/424/seesaw_backwards07_poses,existing_back_walk_source_direction_verified_crop,walk backwards,,,,False,,,,back_walk_12709_85_155,4.25,7.75,70,0,0.37490493059158325,m/s,,,,{},/home/psirobot/projects/frankenmotion/outputs_amass/unified_direct_20261008/data/motions/KIT/424/seesaw_backwards07_poses.npy,awaiting_user_review,False,0abf4bb313cefe730ecf0c0f5474fdb856063a41b43e39edea27b9bee06760f4,/mnt/sda2/frankenmotion/outputs_amass/source_repair_back_walk_20261010_v2/cache/train_back_walk_12709_85_155.npz,/mnt/sda2/dataset/amass/KIT/424/seesaw_backwards07_poses.npz,d2ca697d6b19895023b1f0938d0fbedee3f464c35538d6a6fb61859968885327
back_walk,train,back_walk_05919_7_95,CMU/141/141_31_poses,existing_back_walk_source_direction_verified_crop,walk backwards,,,,False,,,,back_walk_05919_7_95,0.35,4.75,88,0,0.8480908870697021,m/s,,,,{},/home/psirobot/projects/frankenmotion/outputs_amass/unified_direct_20261008/data/motions/CMU/141/141_31_poses.npy,awaiting_user_review,False,156da1c175b1fe3e65dd920a10b8841b7a0a522811d6aef98ddcc717154a2cc0,/mnt/sda2/frankenmotion/outputs_amass/source_repair_back_walk_20261010_v2/cache/train_back_walk_05919_7_95.npz,/mnt/sda2/dataset/amass/CMU/141/141_31_poses.npz,d2ca697d6b19895023b1f0938d0fbedee3f464c35538d6a6fb61859968885327
back_walk,train,back_walk_13236_80_123,KIT/551/mixing_bowl_big02_poses,existing_back_walk_source_direction_verified_crop,walk backwards,,,,False,,,,back_walk_13236_80_123,4.0,6.15,43,0,0.3220934569835663,m/s,,,,{},/home/psirobot/projects/frankenmotion/outputs_amass/unified_direct_20261008/data/motions/KIT/551/mixing_bowl_big02_poses.npy,awaiting_user_review,False,09462d17da9701b70364f5f5ed3f52961d5155f0f98307b3b90479e0f87fdfc7,/mnt/sda2/frankenmotion/outputs_amass/source_repair_back_walk_20261010_v2/cache/train_back_walk_13236_80_123.npz,/mnt/sda2/dataset/amass/KIT/551/mixing_bowl_big02_poses.npz,d2ca697d6b19895023b1f0938d0fbedee3f464c35538d6a6fb61859968885327
back_walk,train,back_walk_10154_14_81,KIT/11/WalkingStraightBackwards04_1_poses,existing_back_walk_source_direction_verified_crop,walk backwards,,,,False,,,,back_walk_10154_14_81,0.7,4.05,67,0,0.5402351021766663,m/s,,,,{},/home/psirobot/projects/frankenmotion/outputs_amass/unified_direct_20261008/data/motions/KIT/11/WalkingStraightBackwards04_1_poses.npy,awaiting_user_review,False,0a81aef167aee5fad0a4d24a98037d8111e65d9e551f154028835893a590fc47,/mnt/sda2/frankenmotion/outputs_amass/source_repair_back_walk_20261010_v2/cache/train_back_walk_10154_14_81.npz,/mnt/sda2/dataset/amass/KIT/11/WalkingStraightBackwards04_1_poses.npz,d2ca697d6b19895023b1f0938d0fbedee3f464c35538d6a6fb61859968885327
back_walk,train,back_walk_15092_384_435,MPI_HDM05/dg/HDM_dg_03-03_03_120_poses,existing_back_walk_source_direction_verified_crop,walk backwards,,,,False,,,,back_walk_15092_384_435,19.2,21.75,51,0,0.6777223348617554,m/s,,,,{},/home/psirobot/projects/frankenmotion/outputs_amass/unified_direct_20261008/data/motions/MPI_HDM05/dg/HDM_dg_03-03_03_120_poses.npy,awaiting_user_review,False,e69c5c4bbae37fc4a4dd6e478bcc4baaa1e3e9cd970a848504f598d5f981b0c9,/mnt/sda2/frankenmotion/outputs_amass/source_repair_back_walk_20261010_v2/cache/train_back_walk_15092_384_435.npz,/mnt/sda2/dataset/amass/MPI_HDM05/dg/HDM_dg_03-03_03_120_poses.npz,d2ca697d6b19895023b1f0938d0fbedee3f464c35538d6a6fb61859968885327
back_walk,train,back_walk_12586_22_63,KIT/421/push_recovery_stand_front01_poses,existing_back_walk_source_direction_verified_crop,walk backwards,,,,False,,,,back_walk_12586_22_63,1.1,3.15,41,0,0.4441436529159546,m/s,,,,{},/home/psirobot/projects/frankenmotion/outputs_amass/unified_direct_20261008/data/motions/KIT/421/push_recovery_stand_front01_poses.npy,awaiting_user_review,False,29a5feb0de69301f371233862847751ce2f22359f8c91514361d133e4de600c1,/mnt/sda2/frankenmotion/outputs_amass/source_repair_back_walk_20261010_v2/cache/train_back_walk_12586_22_63.npz,/mnt/sda2/dataset/amass/KIT/421/push_recovery_stand_front01_poses.npz,d2ca697d6b19895023b1f0938d0fbedee3f464c35538d6a6fb61859968885327
back_walk,train,back_walk_12592_18_63,KIT/421/push_recovery_stand_front07_poses,existing_back_walk_source_direction_verified_crop,walk backwards,,,,False,,,,back_walk_12592_18_63,0.9,3.15,45,0,0.5340872406959534,m/s,,,,{},/home/psirobot/projects/frankenmotion/outputs_amass/unified_direct_20261008/data/motions/KIT/421/push_recovery_stand_front07_poses.npy,awaiting_user_review,False,b770bc66f25b282e02836a6c3f68e7761c00f02245ee0d76f5e3f848e87365e6,/mnt/sda2/frankenmotion/outputs_amass/source_repair_back_walk_20261010_v2/cache/train_back_walk_12592_18_63.npz,/mnt/sda2/dataset/amass/KIT/421/push_recovery_stand_front07_poses.npz,d2ca697d6b19895023b1f0938d0fbedee3f464c35538d6a6fb61859968885327
back_walk,train,back_walk_00230_8_85,ACCAD/Male2Walking_c3d/B5 -  Walk backwards_poses,existing_back_walk_source_direction_verified_crop,walk backwards,,,,False,,,,back_walk_00230_8_85,0.4,4.25,77,0,1.0805786848068237,m/s,,,,{},/home/psirobot/projects/frankenmotion/outputs_amass/unified_direct_20261008/data/motions/ACCAD/Male2Walking_c3d/B5 -  Walk backwards_poses.npy,awaiting_user_review,False,a89fa53fa5946eb5592e787d1fda76199f21205dc76ca9a36879d1af565153af,/mnt/sda2/frankenmotion/outputs_amass/source_repair_back_walk_20261010_v2/cache/train_back_walk_00230_8_85.npz,/mnt/sda2/dataset/amass/ACCAD/Male2Walking_c3d/B5 -  Walk backwards_poses.npz,d2ca697d6b19895023b1f0938d0fbedee3f464c35538d6a6fb61859968885327
back_walk,train,back_walk_00230_85_162,ACCAD/Male2Walking_c3d/B5 -  Walk backwards_poses,existing_back_walk_source_direction_verified_crop,walk backwards,,,,False,,,,back_walk_00230_85_162,4.25,8.1,77,0,1.2611857652664185,m/s,,,,{},/home/psirobot/projects/frankenmotion/outputs_amass/unified_direct_20261008/data/motions/ACCAD/Male2Walking_c3d/B5 -  Walk backwards_poses.npy,awaiting_user_review,False,3bfb7e508ad2bdfbbf794fc48fb3e6cf98528f7fcef75f663070a693f39cc4f7,/mnt/sda2/frankenmotion/outputs_amass/source_repair_back_walk_20261010_v2/cache/train_back_walk_00230_85_162.npz,/mnt/sda2/dataset/amass/ACCAD/Male2Walking_c3d/B5 -  Walk backwards_poses.npz,d2ca697d6b19895023b1f0938d0fbedee3f464c35538d6a6fb61859968885327
back_walk,train,back_walk_15011_198_249,MPI_HDM05/dg/HDM_dg_01-02_02_120_poses,existing_back_walk_source_direction_verified_crop,walk backwards,,,,False,,,,back_walk_15011_198_249,9.9,12.45,51,0,0.4784570634365082,m/s,,,,{},/home/psirobot/projects/frankenmotion/outputs_amass/unified_direct_20261008/data/motions/MPI_HDM05/dg/HDM_dg_01-02_02_120_poses.npy,awaiting_user_review,False,da8eecad3b126db9df5d0817bf97fb036474f92a6631cdd83c7789e23f01153f,/mnt/sda2/frankenmotion/outputs_amass/source_repair_back_walk_20261010_v2/cache/train_back_walk_15011_198_249.npz,/mnt/sda2/dataset/amass/MPI_HDM05/dg/HDM_dg_01-02_02_120_poses.npz,d2ca697d6b19895023b1f0938d0fbedee3f464c35538d6a6fb61859968885327
back_walk,train,back_walk_12525_25_99,KIT/4/WalkingStraightBackwards06_poses,existing_back_walk_source_direction_verified_crop,walk backwards,,,,False,,,,back_walk_12525_25_99,1.25,4.95,74,0,0.47421130537986755,m/s,,,,{},/home/psirobot/projects/frankenmotion/outputs_amass/unified_direct_20261008/data/motions/KIT/4/WalkingStraightBackwards06_poses.npy,awaiting_user_review,False,cf76636568e2d0446060412133cbb5beb5d6896b36aca245cfecb71738f80ba2,/mnt/sda2/frankenmotion/outputs_amass/source_repair_back_walk_20261010_v2/cache/train_back_walk_12525_25_99.npz,/mnt/sda2/dataset/amass/KIT/4/WalkingStraightBackwards06_poses.npz,d2ca697d6b19895023b1f0938d0fbedee3f464c35538d6a6fb61859968885327
back_walk,train,back_walk_12523_21_95,KIT/4/WalkingStraightBackwards04_poses,existing_back_walk_source_direction_verified_crop,walk backwards,,,,False,,,,back_walk_12523_21_95,1.05,4.75,74,0,0.5318469405174255,m/s,,,,{},/home/psirobot/projects/frankenmotion/outputs_amass/unified_direct_20261008/data/motions/KIT/4/WalkingStraightBackwards04_poses.npy,awaiting_user_review,False,290f0eebe699d93f93fe729ff1dd33a5576ef9688ab25398374fdc3d92377276,/mnt/sda2/frankenmotion/outputs_amass/source_repair_back_walk_20261010_v2/cache/train_back_walk_12523_21_95.npz,/mnt/sda2/dataset/amass/KIT/4/WalkingStraightBackwards04_poses.npz,d2ca697d6b19895023b1f0938d0fbedee3f464c35538d6a6fb61859968885327
back_walk,train,back_walk_16082_82_136,Transitions_mocap/mazen_c3d/twistdance_walk_poses,existing_back_walk_source_direction_verified_crop,walk backwards,,,,False,,,,back_walk_16082_82_136,4.1,6.8,54,0,0.8493310213088989,m/s,,,,{},/home/psirobot/projects/frankenmotion/outputs_amass/unified_direct_20261008/data/motions/Transitions_mocap/mazen_c3d/twistdance_walk_poses.npy,awaiting_user_review,False,8db79da4cf52f06a564ce8e63ded0a2396aee468a65ac3b43c4b626d5e064eec,/mnt/sda2/frankenmotion/outputs_amass/source_repair_back_walk_20261010_v2/cache/train_back_walk_16082_82_136.npz,/mnt/sda2/dataset/amass/mazen_c3d/twistdance_walk_poses.npz,d2ca697d6b19895023b1f0938d0fbedee3f464c35538d6a6fb61859968885327
back_walk,train,back_walk_11667_65_156,KIT/3/seesaw_backwards01_poses,existing_back_walk_source_direction_verified_crop,walk backwards,,,,False,,,,back_walk_11667_65_156,3.25,7.8,91,0,0.32968148589134216,m/s,,,,{},/home/psirobot/projects/frankenmotion/outputs_amass/unified_direct_20261008/data/motions/KIT/3/seesaw_backwards01_poses.npy,awaiting_user_review,False,f6c2d899bc234bf00ce14f7e924e16ef9da3ab9e4090d2f94e17baf2ac861571,/mnt/sda2/frankenmotion/outputs_amass/source_repair_back_walk_20261010_v2/cache/train_back_walk_11667_65_156.npz,/mnt/sda2/dataset/amass/KIT/3/seesaw_backwards01_poses.npz,d2ca697d6b19895023b1f0938d0fbedee3f464c35538d6a6fb61859968885327
back_walk,train,back_walk_00072_90_151,ACCAD/Female1Walking_c3d/B4 - stand to walk back_poses,existing_back_walk_source_direction_verified_crop,walk backwards,,,,False,,,,back_walk_00072_90_151,4.5,7.55,61,0,0.6569143533706665,m/s,,,,{},/home/psirobot/projects/frankenmotion/outputs_amass/unified_direct_20261008/data/motions/ACCAD/Female1Walking_c3d/B4 - stand to walk back_poses.npy,awaiting_user_review,False,49958b16bd5f4e0162e00a63129e96e5b8c8496f8815526c4e701641258926f8,/mnt/sda2/frankenmotion/outputs_amass/source_repair_back_walk_20261010_v2/cache/train_back_walk_00072_90_151.npz,/mnt/sda2/dataset/amass/ACCAD/Female1Walking_c3d/B4 - stand to walk back_poses.npz,d2ca697d6b19895023b1f0938d0fbedee3f464c35538d6a6fb61859968885327
back_walk,train,back_walk_13729_24_87,KIT/6/WalkingStraightBackwards03_poses,existing_back_walk_source_direction_verified_crop,walk backwards,,,,False,,,,back_walk_13729_24_87,1.2,4.35,63,0,0.482639342546463,m/s,,,,{},/home/psirobot/projects/frankenmotion/outputs_amass/unified_direct_20261008/data/motions/KIT/6/WalkingStraightBackwards03_poses.npy,awaiting_user_review,False,413a2e5e770fd4f7bb8f73f32fc4d8c92a850d11b850a9ec4cdc4d2f67a5734d,/mnt/sda2/frankenmotion/outputs_amass/source_repair_back_walk_20261010_v2/cache/train_back_walk_13729_24_87.npz,/mnt/sda2/dataset/amass/KIT/6/WalkingStraightBackwards03_poses.npz,d2ca697d6b19895023b1f0938d0fbedee3f464c35538d6a6fb61859968885327
back_walk,train,back_walk_05739_37_137,CMU/136/136_26_poses,existing_back_walk_source_direction_verified_crop,walk backwards,,,,False,,,,back_walk_05739_37_137,1.85,6.85,100,0,0.475243479013443,m/s,,,,{},/home/psirobot/projects/frankenmotion/outputs_amass/unified_direct_20261008/data/motions/CMU/136/136_26_poses.npy,awaiting_user_review,False,99e55faf7160605075139cad15e75440f87e08885d186144eb458693998e2741,/mnt/sda2/frankenmotion/outputs_amass/source_repair_back_walk_20261010_v2/cache/train_back_walk_05739_37_137.npz,/mnt/sda2/dataset/amass/CMU/136/136_26_poses.npz,d2ca697d6b19895023b1f0938d0fbedee3f464c35538d6a6fb61859968885327
back_walk,train,back_walk_05739_137_237,CMU/136/136_26_poses,existing_back_walk_source_direction_verified_crop,walk backwards,,,,False,,,,back_walk_05739_137_237,6.85,11.85,100,0,0.5256633758544922,m/s,,,,{},/home/psirobot/projects/frankenmotion/outputs_amass/unified_direct_20261008/data/motions/CMU/136/136_26_poses.npy,awaiting_user_review,False,463c24497bdd11988b99ed32ef7f7e712fce0234a4e1507b80568ffe3dc1e33a,/mnt/sda2/frankenmotion/outputs_amass/source_repair_back_walk_20261010_v2/cache/train_back_walk_05739_137_237.npz,/mnt/sda2/dataset/amass/CMU/136/136_26_poses.npz,d2ca697d6b19895023b1f0938d0fbedee3f464c35538d6a6fb61859968885327
back_walk,train,back_walk_13902_403_447,KIT/675/double_pour_and_mixing03_poses,existing_back_walk_source_direction_verified_crop,walk backwards,,,,False,,,,back_walk_13902_403_447,20.15,22.35,44,0,0.4309718906879425,m/s,,,,{},/home/psirobot/projects/frankenmotion/outputs_amass/unified_direct_20261008/data/motions/KIT/675/double_pour_and_mixing03_poses.npy,awaiting_user_review,False,103923cdb45cf3285dd4408b9ab6a21fc1b82efff7bd2da9a954006fa4ce44ce,/mnt/sda2/frankenmotion/outputs_amass/source_repair_back_walk_20261010_v2/cache/train_back_walk_13902_403_447.npz,/mnt/sda2/dataset/amass/KIT/675/double_pour_and_mixing03_poses.npz,d2ca697d6b19895023b1f0938d0fbedee3f464c35538d6a6fb61859968885327
back_walk,train,back_walk_12704_31_131,KIT/424/seesaw_backwards02_poses,existing_back_walk_source_direction_verified_crop,walk backwards,,,,False,,,,back_walk_12704_31_131,1.55,6.55,100,0,0.32333630323410034,m/s,,,,{},/home/psirobot/projects/frankenmotion/outputs_amass/unified_direct_20261008/data/motions/KIT/424/seesaw_backwards02_poses.npy,awaiting_user_review,False,408d74ec1aa148ae4230105e6dcb5018d70a0f4397501bb4f2bf5cb1ee1ce10f,/mnt/sda2/frankenmotion/outputs_amass/source_repair_back_walk_20261010_v2/cache/train_back_walk_12704_31_131.npz,/mnt/sda2/dataset/amass/KIT/424/seesaw_backwards02_poses.npz,d2ca697d6b19895023b1f0938d0fbedee3f464c35538d6a6fb61859968885327
back_walk,train,back_walk_10157_29_88,KIT/11/WalkingStraightBackwards07_1_poses,existing_back_walk_source_direction_verified_crop,walk backwards,,,,False,,,,back_walk_10157_29_88,1.45,4.4,59,0,0.5562841296195984,m/s,,,,{},/home/psirobot/projects/frankenmotion/outputs_amass/unified_direct_20261008/data/motions/KIT/11/WalkingStraightBackwards07_1_poses.npy,awaiting_user_review,False,1aecebd893a5f0c5540a3d0fc73d6bf5ad1b08470d8cd55f68d7a4a4d3149039,/mnt/sda2/frankenmotion/outputs_amass/source_repair_back_walk_20261010_v2/cache/train_back_walk_10157_29_88.npz,/mnt/sda2/dataset/amass/KIT/11/WalkingStraightBackwards07_1_poses.npz,d2ca697d6b19895023b1f0938d0fbedee3f464c35538d6a6fb61859968885327
back_walk,train,back_walk_13226_99_141,KIT/551/egg_whisk03_poses,existing_back_walk_source_direction_verified_crop,walk backwards,,,,False,,,,back_walk_13226_99_141,4.95,7.05,42,0,0.343157023191452,m/s,,,,{},/home/psirobot/projects/frankenmotion/outputs_amass/unified_direct_20261008/data/motions/KIT/551/egg_whisk03_poses.npy,awaiting_user_review,False,a0cb6e5edd0802e6955cfd3f70ffcfba3b92085f3af1588fc98e63985849dba8,/mnt/sda2/frankenmotion/outputs_amass/source_repair_back_walk_20261010_v2/cache/train_back_walk_13226_99_141.npz,/mnt/sda2/dataset/amass/KIT/551/egg_whisk03_poses.npz,d2ca697d6b19895023b1f0938d0fbedee3f464c35538d6a6fb61859968885327
back_walk,train,back_walk_07817_32_120,CMU/90/90_32_poses,existing_back_walk_source_direction_verified_crop,walk backwards,,,,False,,,,back_walk_07817_32_120,1.6,6.0,88,0,0.8632791638374329,m/s,,,,{},/home/psirobot/projects/frankenmotion/outputs_amass/unified_direct_20261008/data/motions/CMU/90/90_32_poses.npy,awaiting_user_review,False,92e865658a89d4d47e2c158709d68d89a0b057663373cb75f132296ab5fd7d4b,/mnt/sda2/frankenmotion/outputs_amass/source_repair_back_walk_20261010_v2/cache/train_back_walk_07817_32_120.npz,/mnt/sda2/dataset/amass/CMU/90/90_32_poses.npz,d2ca697d6b19895023b1f0938d0fbedee3f464c35538d6a6fb61859968885327
back_walk,train,back_walk_13919_338_380,KIT/675/double_pour_and_mixing12_poses,existing_back_walk_source_direction_verified_crop,walk backwards,,,,False,,,,back_walk_13919_338_380,16.9,19.0,42,0,0.44061851501464844,m/s,,,,{},/home/psirobot/projects/frankenmotion/outputs_amass/unified_direct_20261008/data/motions/KIT/675/double_pour_and_mixing12_poses.npy,awaiting_user_review,False,09fbecc501a3a79d3828079778b46840b7dad6db0d411807014b5ea9b59790ce,/mnt/sda2/frankenmotion/outputs_amass/source_repair_back_walk_20261010_v2/cache/train_back_walk_13919_338_380.npz,/mnt/sda2/dataset/amass/KIT/675/double_pour_and_mixing12_poses.npz,d2ca697d6b19895023b1f0938d0fbedee3f464c35538d6a6fb61859968885327
back_walk,train,back_walk_12522_30_106,KIT/4/WalkingStraightBackwards03_poses,existing_back_walk_source_direction_verified_crop,walk backwards,,,,False,,,,back_walk_12522_30_106,1.5,5.3,76,0,0.5299192667007446,m/s,,,,{},/home/psirobot/projects/frankenmotion/outputs_amass/unified_direct_20261008/data/motions/KIT/4/WalkingStraightBackwards03_poses.npy,awaiting_user_review,False,c3e4c16b321ad4f66812b6f47fde2e9762779d963a46218fa703c0fa11db8fc1,/mnt/sda2/frankenmotion/outputs_amass/source_repair_back_walk_20261010_v2/cache/train_back_walk_12522_30_106.npz,/mnt/sda2/dataset/amass/KIT/4/WalkingStraightBackwards03_poses.npz,d2ca697d6b19895023b1f0938d0fbedee3f464c35538d6a6fb61859968885327
back_walk,train,back_walk_12528_15_92,KIT/4/WalkingStraightBackwards09_poses,existing_back_walk_source_direction_verified_crop,walk backwards,,,,False,,,,back_walk_12528_15_92,0.75,4.6,77,0,0.48991110920906067,m/s,,,,{},/home/psirobot/projects/frankenmotion/outputs_amass/unified_direct_20261008/data/motions/KIT/4/WalkingStraightBackwards09_poses.npy,awaiting_user_review,False,6d1a16b879d1a6c07ac9eecb0b854b881d9ff1de1006aafb87e761ca7c69a129,/mnt/sda2/frankenmotion/outputs_amass/source_repair_back_walk_20261010_v2/cache/train_back_walk_12528_15_92.npz,/mnt/sda2/dataset/amass/KIT/4/WalkingStraightBackwards09_poses.npz,d2ca697d6b19895023b1f0938d0fbedee3f464c35538d6a6fb61859968885327
back_walk,train,back_walk_14180_26_93,KIT/7/WalkingStraightBackwards09_poses,existing_back_walk_source_direction_verified_crop,walk backwards,,,,False,,,,back_walk_14180_26_93,1.3,4.65,67,0,0.6033946871757507,m/s,,,,{},/home/psirobot/projects/frankenmotion/outputs_amass/unified_direct_20261008/data/motions/KIT/7/WalkingStraightBackwards09_poses.npy,awaiting_user_review,False,9d890e1c0290aa84abb7ec7deb0166966054bbdf81b3b89148c523ff9e345577,/mnt/sda2/frankenmotion/outputs_amass/source_repair_back_walk_20261010_v2/cache/train_back_walk_14180_26_93.npz,/mnt/sda2/dataset/amass/KIT/7/WalkingStraightBackwards09_poses.npz,d2ca697d6b19895023b1f0938d0fbedee3f464c35538d6a6fb61859968885327
back_walk,train,back_walk_13260_87_127,KIT/551/sponge_big_and_mixing_bowl_big02_poses,existing_back_walk_source_direction_verified_crop,walk backwards,,,,False,,,,back_walk_13260_87_127,4.35,6.35,40,0,0.40744853019714355,m/s,,,,{},/home/psirobot/projects/frankenmotion/outputs_amass/unified_direct_20261008/data/motions/KIT/551/sponge_big_and_mixing_bowl_big02_poses.npy,awaiting_user_review,False,cfe8ba6183593e658f27b6dd1a94943649f25d65d12981485311aa48814ac2c6,/mnt/sda2/frankenmotion/outputs_amass/source_repair_back_walk_20261010_v2/cache/train_back_walk_13260_87_127.npz,/mnt/sda2/dataset/amass/KIT/551/sponge_big_and_mixing_bowl_big02_poses.npz,d2ca697d6b19895023b1f0938d0fbedee3f464c35538d6a6fb61859968885327
back_walk,train,back_walk_10151_28_96,KIT/11/WalkingStraightBackwards01_1_poses,existing_back_walk_source_direction_verified_crop,walk backwards,,,,False,,,,back_walk_10151_28_96,1.4,4.8,68,0,0.5544434785842896,m/s,,,,{},/home/psirobot/projects/frankenmotion/outputs_amass/unified_direct_20261008/data/motions/KIT/11/WalkingStraightBackwards01_1_poses.npy,awaiting_user_review,False,43abd193dd8dee6d0d6d3b365963198399b8b69761a7389d83cbf123bd83ffb4,/mnt/sda2/frankenmotion/outputs_amass/source_repair_back_walk_20261010_v2/cache/train_back_walk_10151_28_96.npz,/mnt/sda2/dataset/amass/KIT/11/WalkingStraightBackwards01_1_poses.npz,d2ca697d6b19895023b1f0938d0fbedee3f464c35538d6a6fb61859968885327
back_walk,train,back_walk_10158_28_94,KIT/11/WalkingStraightBackwards08_1_poses,existing_back_walk_source_direction_verified_crop,walk backwards,,,,False,,,,back_walk_10158_28_94,1.4,4.7,66,0,0.5593578219413757,m/s,,,,{},/home/psirobot/projects/frankenmotion/outputs_amass/unified_direct_20261008/data/motions/KIT/11/WalkingStraightBackwards08_1_poses.npy,awaiting_user_review,False,a8c5f81216f0b16bd613f775d1616e746b894256a2063a2f9feef4c857f1dcc4,/mnt/sda2/frankenmotion/outputs_amass/source_repair_back_walk_20261010_v2/cache/train_back_walk_10158_28_94.npz,/mnt/sda2/dataset/amass/KIT/11/WalkingStraightBackwards08_1_poses.npz,d2ca697d6b19895023b1f0938d0fbedee3f464c35538d6a6fb61859968885327
back_walk,train,back_walk_12712_99_178,KIT/424/seesaw_backwards10_poses,existing_back_walk_source_direction_verified_crop,walk backwards,,,,False,,,,back_walk_12712_99_178,4.95,8.9,79,0,0.3312080204486847,m/s,,,,{},/home/psirobot/projects/frankenmotion/outputs_amass/unified_direct_20261008/data/motions/KIT/424/seesaw_backwards10_poses.npy,awaiting_user_review,False,1ac6a6e25a4968469ba81c0d8a4eb3d7f6623b67139141e46535a47522468406,/mnt/sda2/frankenmotion/outputs_amass/source_repair_back_walk_20261010_v2/cache/train_back_walk_12712_99_178.npz,/mnt/sda2/dataset/amass/KIT/424/seesaw_backwards10_poses.npz,d2ca697d6b19895023b1f0938d0fbedee3f464c35538d6a6fb61859968885327
back_walk,train,back_walk_10156_29_99,KIT/11/WalkingStraightBackwards06_1_poses,existing_back_walk_source_direction_verified_crop,walk backwards,,,,False,,,,back_walk_10156_29_99,1.45,4.95,70,0,0.5150789022445679,m/s,,,,{},/home/psirobot/projects/frankenmotion/outputs_amass/unified_direct_20261008/data/motions/KIT/11/WalkingStraightBackwards06_1_poses.npy,awaiting_user_review,False,c82ae9b01dad0191ed27a8fc0673a894103c0d9b74115fdc3ddccd013d53af09,/mnt/sda2/frankenmotion/outputs_amass/source_repair_back_walk_20261010_v2/cache/train_back_walk_10156_29_99.npz,/mnt/sda2/dataset/amass/KIT/11/WalkingStraightBackwards06_1_poses.npz,d2ca697d6b19895023b1f0938d0fbedee3f464c35538d6a6fb61859968885327
back_walk,train,back_walk_10105_5_82,KIT/10/WalkingStraightBackwards04_poses,existing_back_walk_source_direction_verified_crop,walk backwards,,,,False,,,,back_walk_10105_5_82,0.25,4.1,77,0,0.5193848013877869,m/s,,,,{},/home/psirobot/projects/frankenmotion/outputs_amass/unified_direct_20261008/data/motions/KIT/10/WalkingStraightBackwards04_poses.npy,awaiting_user_review,False,c00a3f91aed53a58cab223bc5df562d0d2b759f9804fa9641fafde821b525e1d,/mnt/sda2/frankenmotion/outputs_amass/source_repair_back_walk_20261010_v2/cache/train_back_walk_10105_5_82.npz,/mnt/sda2/dataset/amass/KIT/10/WalkingStraightBackwards04_poses.npz,d2ca697d6b19895023b1f0938d0fbedee3f464c35538d6a6fb61859968885327
back_walk,train,back_walk_11674_104_177,KIT/3/seesaw_backwards08_poses,existing_back_walk_source_direction_verified_crop,walk backwards,,,,False,,,,back_walk_11674_104_177,5.2,8.85,73,0,0.35339710116386414,m/s,,,,{},/home/psirobot/projects/frankenmotion/outputs_amass/unified_direct_20261008/data/motions/KIT/3/seesaw_backwards08_poses.npy,awaiting_user_review,False,b696681406e9bfc0674f9f8e83b17289b8725dfb0e6b8cba5697be64e057c955,/mnt/sda2/frankenmotion/outputs_amass/source_repair_back_walk_20261010_v2/cache/train_back_walk_11674_104_177.npz,/mnt/sda2/dataset/amass/KIT/3/seesaw_backwards08_poses.npz,d2ca697d6b19895023b1f0938d0fbedee3f464c35538d6a6fb61859968885327
back_walk,train,back_walk_00229_6_92,ACCAD/Male2Walking_c3d/B4 - Stand to Walk backwards_poses,existing_back_walk_source_direction_verified_crop,walk backwards,,,,False,,,,back_walk_00229_6_92,0.3,4.6,86,0,0.9966524243354797,m/s,,,,{},/home/psirobot/projects/frankenmotion/outputs_amass/unified_direct_20261008/data/motions/ACCAD/Male2Walking_c3d/B4 - Stand to Walk backwards_poses.npy,awaiting_user_review,False,f960dcb0b4e127e8e9d1b7438a70f6d65eaeef50afd438709a8012bbe35e500c,/mnt/sda2/frankenmotion/outputs_amass/source_repair_back_walk_20261010_v2/cache/train_back_walk_00229_6_92.npz,/mnt/sda2/dataset/amass/ACCAD/Male2Walking_c3d/B4 - Stand to Walk backwards_poses.npz,d2ca697d6b19895023b1f0938d0fbedee3f464c35538d6a6fb61859968885327
back_walk,train,back_walk_13735_22_81,KIT/6/WalkingStraightBackwards09_poses,existing_back_walk_source_direction_verified_crop,walk backwards,,,,False,,,,back_walk_13735_22_81,1.1,4.05,59,0,0.5639421343803406,m/s,,,,{},/home/psirobot/projects/frankenmotion/outputs_amass/unified_direct_20261008/data/motions/KIT/6/WalkingStraightBackwards09_poses.npy,awaiting_user_review,False,e70cba256f527fb4be4d26fbb43583d179eea2341dfe68e348d8feaf4a19b450,/mnt/sda2/frankenmotion/outputs_amass/source_repair_back_walk_20261010_v2/cache/train_back_walk_13735_22_81.npz,/mnt/sda2/dataset/amass/KIT/6/WalkingStraightBackwards09_poses.npz,d2ca697d6b19895023b1f0938d0fbedee3f464c35538d6a6fb61859968885327
back_walk,train,back_walk_10155_82_144,KIT/11/WalkingStraightBackwards05_1_poses,existing_back_walk_source_direction_verified_crop,walk backwards,,,,False,,,,back_walk_10155_82_144,4.1,7.2,62,0,0.5568060278892517,m/s,,,,{},/home/psirobot/projects/frankenmotion/outputs_amass/unified_direct_20261008/data/motions/KIT/11/WalkingStraightBackwards05_1_poses.npy,awaiting_user_review,False,67bffeeaa48c57c437c08b1c5d94045fcb94aefb88ffad4461f3215ef54e8988,/mnt/sda2/frankenmotion/outputs_amass/source_repair_back_walk_20261010_v2/cache/train_back_walk_10155_82_144.npz,/mnt/sda2/dataset/amass/KIT/11/WalkingStraightBackwards05_1_poses.npz,d2ca697d6b19895023b1f0938d0fbedee3f464c35538d6a6fb61859968885327
back_walk,train,back_walk_05742_32_117,CMU/136/136_30_poses,existing_back_walk_source_direction_verified_crop,walk backwards,,,,False,,,,back_walk_05742_32_117,1.6,5.85,85,0,0.61775803565979,m/s,,,,{},/home/psirobot/projects/frankenmotion/outputs_amass/unified_direct_20261008/data/motions/CMU/136/136_30_poses.npy,awaiting_user_review,False,134a364321e4940597aa01a0701b76e823049113e24130b208c80cf8ae2708a1,/mnt/sda2/frankenmotion/outputs_amass/source_repair_back_walk_20261010_v2/cache/train_back_walk_05742_32_117.npz,/mnt/sda2/dataset/amass/CMU/136/136_30_poses.npz,d2ca697d6b19895023b1f0938d0fbedee3f464c35538d6a6fb61859968885327
back_walk,train,back_walk_05742_117_203,CMU/136/136_30_poses,existing_back_walk_source_direction_verified_crop,walk backwards,,,,False,,,,back_walk_05742_117_203,5.85,10.15,86,0,0.7256460189819336,m/s,,,,{},/home/psirobot/projects/frankenmotion/outputs_amass/unified_direct_20261008/data/motions/CMU/136/136_30_poses.npy,awaiting_user_review,False,cd894adef8da2ba798b990acb53303a51f89b335e17d743c28123ca486120357,/mnt/sda2/frankenmotion/outputs_amass/source_repair_back_walk_20261010_v2/cache/train_back_walk_05742_117_203.npz,/mnt/sda2/dataset/amass/CMU/136/136_30_poses.npz,d2ca697d6b19895023b1f0938d0fbedee3f464c35538d6a6fb61859968885327
back_walk,train,back_walk_05724_21_122,CMU/136/136_11_poses,existing_back_walk_source_direction_verified_crop,walk backwards,,,,False,,,,back_walk_05724_21_122,1.05,6.1,101,0,0.5321123600006104,m/s,,,,{},/home/psirobot/projects/frankenmotion/outputs_amass/unified_direct_20261008/data/motions/CMU/136/136_11_poses.npy,awaiting_user_review,False,7e9d98691b3345ff42b740e0c9f6b409cbd1a6fc2a4a6f6ff3abd4d3171ee85f,/mnt/sda2/frankenmotion/outputs_amass/source_repair_back_walk_20261010_v2/cache/train_back_walk_05724_21_122.npz,/mnt/sda2/dataset/amass/CMU/136/136_11_poses.npz,d2ca697d6b19895023b1f0938d0fbedee3f464c35538d6a6fb61859968885327
back_walk,train,back_walk_05724_122_223,CMU/136/136_11_poses,existing_back_walk_source_direction_verified_crop,walk backwards,,,,False,,,,back_walk_05724_122_223,6.1,11.15,101,0,0.5598905086517334,m/s,,,,{},/home/psirobot/projects/frankenmotion/outputs_amass/unified_direct_20261008/data/motions/CMU/136/136_11_poses.npy,awaiting_user_review,False,74c01d7ba120e68f3b6b46e50827f46739a94d58c0872e11aa7410cb20c145b9,/mnt/sda2/frankenmotion/outputs_amass/source_repair_back_walk_20261010_v2/cache/train_back_walk_05724_122_223.npz,/mnt/sda2/dataset/amass/CMU/136/136_11_poses.npz,d2ca697d6b19895023b1f0938d0fbedee3f464c35538d6a6fb61859968885327
back_walk,train,back_walk_14810_346_456,MPI_HDM05/bk/HDM_bk_01-01_03_120_poses,existing_back_walk_source_direction_verified_crop,walk backwards,,,,False,,,,back_walk_14810_346_456,17.3,22.8,110,0,0.6189830899238586,m/s,,,,{},/home/psirobot/projects/frankenmotion/outputs_amass/unified_direct_20261008/data/motions/MPI_HDM05/bk/HDM_bk_01-01_03_120_poses.npy,awaiting_user_review,False,19bf1d713691c98d714857ece8cb2f6492327115dce3c10f12331e70a8bbac50,/mnt/sda2/frankenmotion/outputs_amass/source_repair_back_walk_20261010_v2/cache/train_back_walk_14810_346_456.npz,/mnt/sda2/dataset/amass/MPI_HDM05/bk/HDM_bk_01-01_03_120_poses.npz,d2ca697d6b19895023b1f0938d0fbedee3f464c35538d6a6fb61859968885327
back_walk,train,back_walk_14344_12_79,KIT/9/WalkingStraightBackwards04_poses,existing_back_walk_source_direction_verified_crop,walk backwards,,,,False,,,,back_walk_14344_12_79,0.6,3.95,67,0,0.47918713092803955,m/s,,,,{},/home/psirobot/projects/frankenmotion/outputs_amass/unified_direct_20261008/data/motions/KIT/9/WalkingStraightBackwards04_poses.npy,awaiting_user_review,False,afbf12e90ab10e5b9bc0a23f4be523d7a73d31a0648e2b30e58bfafd8cd14c2f,/mnt/sda2/frankenmotion/outputs_amass/source_repair_back_walk_20261010_v2/cache/train_back_walk_14344_12_79.npz,/mnt/sda2/dataset/amass/KIT/9/WalkingStraightBackwards04_poses.npz,d2ca697d6b19895023b1f0938d0fbedee3f464c35538d6a6fb61859968885327
back_walk,train,back_walk_12527_0_71,KIT/4/WalkingStraightBackwards08_poses,existing_back_walk_source_direction_verified_crop,walk backwards,,,,False,,,,back_walk_12527_0_71,0.0,3.55,71,0,0.5343495011329651,m/s,,,,{},/home/psirobot/projects/frankenmotion/outputs_amass/unified_direct_20261008/data/motions/KIT/4/WalkingStraightBackwards08_poses.npy,awaiting_user_review,False,afa6c0f24df588e4768bc4a87fa92dfad149f4d503eec2ddd56401ba036f0606,/mnt/sda2/frankenmotion/outputs_amass/source_repair_back_walk_20261010_v2/cache/train_back_walk_12527_0_71.npz,/mnt/sda2/dataset/amass/KIT/4/WalkingStraightBackwards08_poses.npz,d2ca697d6b19895023b1f0938d0fbedee3f464c35538d6a6fb61859968885327
back_walk,train,back_walk_13209_111_152,KIT/551/cup_in_bowl02_poses,existing_back_walk_source_direction_verified_crop,walk backwards,,,,False,,,,back_walk_13209_111_152,5.55,7.6,41,0,0.31936538219451904,m/s,,,,{},/home/psirobot/projects/frankenmotion/outputs_amass/unified_direct_20261008/data/motions/KIT/551/cup_in_bowl02_poses.npy,awaiting_user_review,False,43c23aaa25748f87d1eda47e7078778cbc1b84b2979e687d4f2e42bc5ea8ab43,/mnt/sda2/frankenmotion/outputs_amass/source_repair_back_walk_20261010_v2/cache/train_back_walk_13209_111_152.npz,/mnt/sda2/dataset/amass/KIT/551/cup_in_bowl02_poses.npz,d2ca697d6b19895023b1f0938d0fbedee3f464c35538d6a6fb61859968885327
